"Facility ID","Facility Name","MSA","MSA Title","HCAHPS HLMR","HCAHPS HLMR Percentile","HCAHPS Start Date","HCAHPS End Date","HCAHPS Footnote","COMP-HIP-KNEE","COMP-HIP-KNEE Percentile","COMP Start Date","COMP End Date","COMP Footnote","PRO","PRO Start Date","PRO End Date","Reconciliation Footnote"
010001,SOUTHEAST ALABAMA MEDICAL CENTER,20020,"Dothan, AL",81.75,10%,07/01/2017,06/30/2018,,3.18631,20%,04/01/2015,03/31/2018,,N,07/01/2017,06/30/2018,*
010023,BAPTIST MEDICAL CENTER SOUTH,33860,"Montgomery, AL",84.13,30%,07/01/2017,06/30/2018,,2.63887,50%,04/01/2015,03/31/2018,,N,07/01/2017,06/30/2018,
010055,FLOWERS HOSPITAL,20020,"Dothan, AL",86.50,60%,07/01/2017,06/30/2018,,3.24934,10%,04/01/2015,03/31/2018,,N,07/01/2017,06/30/2018,
010092,D C H REGIONAL MEDICAL CENTER,46220,"Tuscaloosa, AL",83.56,20%,07/01/2017,06/30/2018,,3.19978,20%,04/01/2015,03/31/2018,,N,07/01/2017,06/30/2018,*
040026,CHI ST. VINCENT HOSPITAL HOT SPRINGS,26300,"Hot Springs, AR",84.44,30%,07/01/2017,06/30/2018,,2.5654,50%,04/01/2015,03/31/2018,,N,07/01/2017,06/30/2018,
040078,NATIONAL PARK MEDICAL CENTER,26300,"Hot Springs, AR",81.81,10%,07/01/2017,06/30/2018,,2.55297,50%,04/01/2015,03/31/2018,,N,07/01/2017,06/30/2018,
050018,PACIFIC ALLIANCE MEDICAL CENTER,31080,"Los Angeles-Long Beach-Anaheim, CA",N/A,N/A,07/01/2017,06/30/2018,***,N/A,N/A,04/01/2015,03/31/2018,1,N,07/01/2017,06/30/2018,
050056,ANTELOPE VALLEY HOSPITAL,31080,"Los Angeles-Long Beach-Anaheim, CA",80.19,10%,07/01/2017,06/30/2018,,2.26631,80%,04/01/2015,03/31/2018,,N,07/01/2017,06/30/2018,
050063,HOLLYWOOD PRESBYTERIAN MEDICAL CENTER,31080,"Los Angeles-Long Beach-Anaheim, CA",78.81,10%,07/01/2017,06/30/2018,,2.53853,50%,04/01/2015,03/31/2018,,N,07/01/2017,06/30/2018,
050069,ST JOSEPH HOSPITAL,31080,"Los Angeles-Long Beach-Anaheim, CA",87.88,80%,07/01/2017,06/30/2018,,2.70448,40%,04/01/2015,03/31/2018,,N,07/01/2017,06/30/2018,
050078,PROVIDENCE LITTLE CO OF MARY MED CTR SAN PEDRO,31080,"Los Angeles-Long Beach-Anaheim, CA",85.00,40%,07/01/2017,06/30/2018,,3.78922,10%,04/01/2015,03/31/2018,,N,07/01/2017,06/30/2018,*
050096,WEST COVINA MEDICAL CENTER,31080,"Los Angeles-Long Beach-Anaheim, CA",N/A,N/A,07/01/2017,06/30/2018,***,N/A,N/A,04/01/2015,03/31/2018,1,N,07/01/2017,06/30/2018,
050103,WHITE MEMORIAL MEDICAL CENTER,31080,"Los Angeles-Long Beach-Anaheim, CA",84.19,30%,07/01/2017,06/30/2018,,2.10335,90%,04/01/2015,03/31/2018,,N,07/01/2017,06/30/2018,
050104,SAINT FRANCIS MEDICAL CENTER,31080,"Los Angeles-Long Beach-Anaheim, CA",79.13,10%,07/01/2017,06/30/2018,,N/A,N/A,04/01/2015,03/31/2018,1,N,07/01/2017,06/30/2018,
050112,SANTA MONICA - UCLA MEDICAL CENTER & ORTHOPAEDIC HOSPITAL,31080,"Los Angeles-Long Beach-Anaheim, CA",87.00,70%,07/01/2017,06/30/2018,,2.63118,50%,04/01/2015,03/31/2018,,N,07/01/2017,06/30/2018,
050116,NORTHRIDGE HOSPITAL MEDICAL CENTER,31080,"Los Angeles-Long Beach-Anaheim, CA",85.63,50%,07/01/2017,06/30/2018,,3.46659,10%,04/01/2015,03/31/2018,,N,07/01/2017,06/30/2018,
050124,USC VERDUGO HILLS HOSPITAL,31080,"Los Angeles-Long Beach-Anaheim, CA",82.00,10%,07/01/2017,06/30/2018,,2.59146,50%,04/01/2015,03/31/2018,,N,07/01/2017,06/30/2018,
050126,VALLEY PRESBYTERIAN HOSPITAL,31080,"Los Angeles-Long Beach-Anaheim, CA",84.13,30%,07/01/2017,06/30/2018,,2.06949,90%,04/01/2015,03/31/2018,,N,07/01/2017,06/30/2018,
050132,SAN GABRIEL VALLEY MEDICAL CENTER,31080,"Los Angeles-Long Beach-Anaheim, CA",84.31,30%,07/01/2017,06/30/2018,,2.76031,40%,04/01/2015,03/31/2018,,N,07/01/2017,06/30/2018,
050135,SOUTHERN CALIFORNIA HOSPITAL AT HOLLYWOOD,31080,"Los Angeles-Long Beach-Anaheim, CA",73.63,10%,07/01/2017,06/30/2018,,N/A,N/A,04/01/2015,03/31/2018,1,N,07/01/2017,06/30/2018,
050168,ST JUDE MEDICAL CENTER,31080,"Los Angeles-Long Beach-Anaheim, CA",87.81,80%,07/01/2017,06/30/2018,,2.42064,60%,04/01/2015,03/31/2018,,N,07/01/2017,06/30/2018,
050169,PRESBYTERIAN INTERCOMMUNITY HOSPITAL,31080,"Los Angeles-Long Beach-Anaheim, CA",87.69,80%,07/01/2017,06/30/2018,,2.49275,60%,04/01/2015,03/31/2018,,N,07/01/2017,06/30/2018,
050179,EMANUEL MEDICAL CENTER,33700,"Modesto, CA",83.88,20%,07/01/2017,06/30/2018,,3.42866,10%,04/01/2015,03/31/2018,,N,07/01/2017,06/30/2018,*
050180,JOHN MUIR MEDICAL CENTER - WALNUT CREEK CAMPUS,41860,"San Francisco-Oakland-Hayward, CA",85.88,50%,07/01/2017,06/30/2018,,2.21027,80%,04/01/2015,03/31/2018,,N,07/01/2017,06/30/2018,
050191,ST MARY MEDICAL CENTER,31080,"Los Angeles-Long Beach-Anaheim, CA",84.31,30%,07/01/2017,06/30/2018,,N/A,N/A,04/01/2015,03/31/2018,1,N,07/01/2017,06/30/2018,
050195,WASHINGTON HOSPITAL,41860,"San Francisco-Oakland-Hayward, CA",84.88,40%,07/01/2017,06/30/2018,,1.85086,100%,04/01/2015,03/31/2018,,N,07/01/2017,06/30/2018,
050204,PALMDALE REGIONAL MEDICAL CENTER,31080,"Los Angeles-Long Beach-Anaheim, CA",86.38,60%,07/01/2017,06/30/2018,,2.61807,50%,04/01/2015,03/31/2018,,N,07/01/2017,06/30/2018,**
050224,HOAG MEMORIAL HOSPITAL PRESBYTERIAN,31080,"Los Angeles-Long Beach-Anaheim, CA",86.06,60%,07/01/2017,06/30/2018,,N/A,N/A,04/01/2015,03/31/2018,1,N,07/01/2017,06/30/2018,
050226,AHMC ANAHEIM REGIONAL MEDICAL CENTER,31080,"Los Angeles-Long Beach-Anaheim, CA",84.06,30%,07/01/2017,06/30/2018,,2.44077,60%,04/01/2015,03/31/2018,,N,07/01/2017,06/30/2018,
050230,GARDEN GROVE HOSPITAL & MEDICAL CENTER,31080,"Los Angeles-Long Beach-Anaheim, CA",83.13,20%,07/01/2017,06/30/2018,,N/A,N/A,04/01/2015,03/31/2018,1,N,07/01/2017,06/30/2018,
050231,POMONA VALLEY HOSPITAL MEDICAL CENTER,31080,"Los Angeles-Long Beach-Anaheim, CA",83.31,20%,07/01/2017,06/30/2018,,2.57369,50%,04/01/2015,03/31/2018,,N,07/01/2017,06/30/2018,
050235,PROVIDENCE SAINT JOSEPH MEDICAL CTR,31080,"Los Angeles-Long Beach-Anaheim, CA",84.50,30%,07/01/2017,06/30/2018,,2.04843,90%,04/01/2015,03/31/2018,,N,07/01/2017,06/30/2018,
050238,METHODIST HOSPITAL OF SOUTHERN CA,31080,"Los Angeles-Long Beach-Anaheim, CA",85.25,40%,07/01/2017,06/30/2018,,2.65363,40%,04/01/2015,03/31/2018,,N,07/01/2017,06/30/2018,**
050239,GLENDALE ADVENTIST MEDICAL CENTER,31080,"Los Angeles-Long Beach-Anaheim, CA",85.50,50%,07/01/2017,06/30/2018,,2.65109,50%,04/01/2015,03/31/2018,,N,07/01/2017,06/30/2018,
050262,RONALD REAGAN U C L A MEDICAL CENTER,31080,"Los Angeles-Long Beach-Anaheim, CA",88.00,90%,07/01/2017,06/30/2018,,2.34179,70%,04/01/2015,03/31/2018,,N,07/01/2017,06/30/2018,
050278,PROVIDENCE HOLY CROSS MEDICAL CENTER,31080,"Los Angeles-Long Beach-Anaheim, CA",86.50,60%,07/01/2017,06/30/2018,,2.17501,80%,04/01/2015,03/31/2018,,N,07/01/2017,06/30/2018,
050281,ALHAMBRA HOSPITAL MEDICAL CENTER,31080,"Los Angeles-Long Beach-Anaheim, CA",82.50,20%,07/01/2017,06/30/2018,,N/A,N/A,04/01/2015,03/31/2018,1,N,07/01/2017,06/30/2018,
050290,PROVIDENCE SAINT JOHN'S HEALTH CENTER,31080,"Los Angeles-Long Beach-Anaheim, CA",85.06,40%,07/01/2017,06/30/2018,,1.46131,100%,04/01/2015,03/31/2018,,N,07/01/2017,06/30/2018,
050348,UNIVERSITY OF CALIFORNIA IRVINE MED CENTER,31080,"Los Angeles-Long Beach-Anaheim, CA",85.31,40%,07/01/2017,06/30/2018,,2.94233,30%,04/01/2015,03/31/2018,,N,07/01/2017,06/30/2018,
050350,BEVERLY HOSPITAL,31080,"Los Angeles-Long Beach-Anaheim, CA",81.63,10%,07/01/2017,06/30/2018,,N/A,N/A,04/01/2015,03/31/2018,1,N,07/01/2017,06/30/2018,
050351,Torrance Memorial Medical Center,31080,"Los Angeles-Long Beach-Anaheim, CA",87.31,80%,07/01/2017,06/30/2018,,2.32424,70%,04/01/2015,03/31/2018,,N,07/01/2017,06/30/2018,
050353,PROVIDENCE LITTLE COMPANY OF MARY MEDICAL CENTER TORRANCE,31080,"Los Angeles-Long Beach-Anaheim, CA",85.00,40%,07/01/2017,06/30/2018,,3.03156,20%,04/01/2015,03/31/2018,,N,07/01/2017,06/30/2018,*
050360,MARIN GENERAL HOSPITAL,41860,"San Francisco-Oakland-Hayward, CA",82.19,10%,07/01/2017,06/30/2018,,2.74638,40%,04/01/2015,03/31/2018,,N,07/01/2017,06/30/2018,
050376,LAC-HARBOR-UCLA MED CENTER,31080,"Los Angeles-Long Beach-Anaheim, CA",84.00,30%,07/01/2017,06/30/2018,,N/A,N/A,04/01/2015,03/31/2018,1,N,07/01/2017,06/30/2018,
050382,CITRUS VALLEY MEDICAL CENTER INTER-COMMUNITY CAMPUS,31080,"Los Angeles-Long Beach-Anaheim, CA",83.81,20%,07/01/2017,06/30/2018,,2.91873,30%,04/01/2015,03/31/2018,,N,07/01/2017,06/30/2018,*
050393,PIH HOSPITAL - DOWNEY,31080,"Los Angeles-Long Beach-Anaheim, CA",82.75,20%,07/01/2017,06/30/2018,,2.481,60%,04/01/2015,03/31/2018,,N,07/01/2017,06/30/2018,
050426,WEST ANAHEIM MEDICAL CENTER,31080,"Los Angeles-Long Beach-Anaheim, CA",78.38,10%,07/01/2017,06/30/2018,,N/A,N/A,04/01/2015,03/31/2018,1,N,07/01/2017,06/30/2018,
050438,HUNTINGTON MEMORIAL HOSPITAL,31080,"Los Angeles-Long Beach-Anaheim, CA",86.63,70%,07/01/2017,06/30/2018,,1.91273,100%,04/01/2015,03/31/2018,,Y,07/01/2017,06/30/2018,
050471,GOOD SAMARITAN HOSPITAL,31080,"Los Angeles-Long Beach-Anaheim, CA",81.81,10%,07/01/2017,06/30/2018,,2.28381,80%,04/01/2015,03/31/2018,,N,07/01/2017,06/30/2018,
050481,WEST HILLS HOSPITAL & MEDICAL CENTER,31080,"Los Angeles-Long Beach-Anaheim, CA",82.75,20%,07/01/2017,06/30/2018,,2.89134,30%,04/01/2015,03/31/2018,,N,07/01/2017,06/30/2018,*
050485,LONG BEACH MEMORIAL MEDICAL CENTER,31080,"Los Angeles-Long Beach-Anaheim, CA",84.88,40%,07/01/2017,06/30/2018,,2.60287,50%,04/01/2015,03/31/2018,,N,07/01/2017,06/30/2018,
050496,JOHN MUIR MEDICAL CENTER - CONCORD CAMPUS,41860,"San Francisco-Oakland-Hayward, CA",85.63,50%,07/01/2017,06/30/2018,,1.46256,100%,04/01/2015,03/31/2018,,N,07/01/2017,06/30/2018,
050502,SAINT VINCENT MEDICAL CENTER,31080,"Los Angeles-Long Beach-Anaheim, CA",80.81,10%,07/01/2017,06/30/2018,,2.53827,50%,04/01/2015,03/31/2018,,N,07/01/2017,06/30/2018,
050526,HUNTINGTON BEACH HOSPITAL,31080,"Los Angeles-Long Beach-Anaheim, CA",75.81,10%,07/01/2017,06/30/2018,,N/A,N/A,04/01/2015,03/31/2018,7,N,07/01/2017,06/30/2018,
050551,LOS ALAMITOS MEDICAL CENTER,31080,"Los Angeles-Long Beach-Anaheim, CA",83.25,20%,07/01/2017,06/30/2018,,2.12661,90%,04/01/2015,03/31/2018,,N,07/01/2017,06/30/2018,
050567,MISSION HOSPITAL REGIONAL MED CENTER,31080,"Los Angeles-Long Beach-Anaheim, CA",86.75,70%,07/01/2017,06/30/2018,,2.14885,90%,04/01/2015,03/31/2018,,N,07/01/2017,06/30/2018,
050570,FOUNTAIN VALLEY REGIONAL HOSPITAL & MEDICAL CENTER,31080,"Los Angeles-Long Beach-Anaheim, CA",80.19,10%,07/01/2017,06/30/2018,,2.97696,20%,04/01/2015,03/31/2018,,N,07/01/2017,06/30/2018,*
050575,GARDENS REGIONAL HOSPITAL AND MEDICAL CENTER,31080,"Los Angeles-Long Beach-Anaheim, CA",N/A,N/A,07/01/2017,06/30/2018,***,N/A,N/A,04/01/2015,03/31/2018,1,N,07/01/2017,06/30/2018,**
050580,LA PALMA INTERCOMMUNITY HOSPITAL,31080,"Los Angeles-Long Beach-Anaheim, CA",80.06,10%,07/01/2017,06/30/2018,,N/A,N/A,04/01/2015,03/31/2018,1,N,07/01/2017,06/30/2018,
050581,LAKEWOOD REGIONAL MEDICAL CENTER,31080,"Los Angeles-Long Beach-Anaheim, CA",84.44,30%,07/01/2017,06/30/2018,,2.39865,70%,04/01/2015,03/31/2018,,N,07/01/2017,06/30/2018,
050588,SAN DIMAS COMMUNITY HOSPITAL,31080,"Los Angeles-Long Beach-Anaheim, CA",81.38,10%,07/01/2017,06/30/2018,,2.44715,60%,04/01/2015,03/31/2018,,N,07/01/2017,06/30/2018,
050589,PLACENTIA LINDA HOSPITAL,31080,"Los Angeles-Long Beach-Anaheim, CA",84.25,30%,07/01/2017,06/30/2018,,2.7232,40%,04/01/2015,03/31/2018,,N,07/01/2017,06/30/2018,
050597,FOOTHILL PRESBYTERIAN HOSPITAL,31080,"Los Angeles-Long Beach-Anaheim, CA",82.81,20%,07/01/2017,06/30/2018,,N/A,N/A,04/01/2015,03/31/2018,1,N,07/01/2017,06/30/2018,
050603,SADDLEBACK MEMORIAL MEDICAL CENTER,31080,"Los Angeles-Long Beach-Anaheim, CA",84.38,30%,07/01/2017,06/30/2018,,2.00608,90%,04/01/2015,03/31/2018,,N,07/01/2017,06/30/2018,**
050624,HENRY MAYO NEWHALL  HOSPITAL,31080,"Los Angeles-Long Beach-Anaheim, CA",85.06,40%,07/01/2017,06/30/2018,,2.74753,40%,04/01/2015,03/31/2018,,N,07/01/2017,06/30/2018,
050663,LOS ANGELES COMMUNITY HOSPITAL,31080,"Los Angeles-Long Beach-Anaheim, CA",66.88,0%,07/01/2017,06/30/2018,,N/A,N/A,04/01/2015,03/31/2018,1,N,07/01/2017,06/30/2018,
050678,ORANGE COAST MEMORIAL MEDICAL CENTER,31080,"Los Angeles-Long Beach-Anaheim, CA",85.50,50%,07/01/2017,06/30/2018,,2.08382,90%,04/01/2015,03/31/2018,,N,07/01/2017,06/30/2018,
050696,KECK HOSPITAL OF USC,31080,"Los Angeles-Long Beach-Anaheim, CA",85.94,50%,07/01/2017,06/30/2018,,2.14945,90%,04/01/2015,03/31/2018,,N,07/01/2017,06/30/2018,
050704,MISSION COMMUNITY HOSPITAL,31080,"Los Angeles-Long Beach-Anaheim, CA",74.44,10%,07/01/2017,06/30/2018,,2.20931,80%,04/01/2015,03/31/2018,,N,07/01/2017,06/30/2018,
050717,LAC/RANCHO LOS AMIGOS NATIONAL REHABILITATION  CENTER,31080,"Los Angeles-Long Beach-Anaheim, CA",85.63,50%,07/01/2017,06/30/2018,,2.66163,40%,04/01/2015,03/31/2018,,N,07/01/2017,06/30/2018,
050726,STANISLAUS SURGICAL HOSPITAL,33700,"Modesto, CA",92.06,100%,07/01/2017,06/30/2018,,2.31664,70%,04/01/2015,03/31/2018,,N,07/01/2017,06/30/2018,
050727,COMMUNITY HOSPITAL OF LONG BEACH,31080,"Los Angeles-Long Beach-Anaheim, CA",80.38,10%,07/01/2017,06/30/2018,,N/A,N/A,04/01/2015,03/31/2018,7,N,07/01/2017,06/30/2018,
050735,WHITTIER HOSPITAL MEDICAL CENTER,31080,"Los Angeles-Long Beach-Anaheim, CA",84.13,30%,07/01/2017,06/30/2018,,N/A,N/A,04/01/2015,03/31/2018,1,N,07/01/2017,06/30/2018,
050736,MONTEREY PARK HOSPITAL,31080,"Los Angeles-Long Beach-Anaheim, CA",84.00,30%,07/01/2017,06/30/2018,,2.61064,50%,04/01/2015,03/31/2018,,N,07/01/2017,06/30/2018,
050737,GARFIELD MEDICAL CENTER,31080,"Los Angeles-Long Beach-Anaheim, CA",84.25,30%,07/01/2017,06/30/2018,,N/A,N/A,04/01/2015,03/31/2018,1,N,07/01/2017,06/30/2018,
050739,CENTINELA HOSPITAL MEDICAL CENTER,31080,"Los Angeles-Long Beach-Anaheim, CA",83.19,20%,07/01/2017,06/30/2018,,N/A,N/A,04/01/2015,03/31/2018,1,N,07/01/2017,06/30/2018,
050740,MARINA DEL REY HOSPITAL,31080,"Los Angeles-Long Beach-Anaheim, CA",82.56,20%,07/01/2017,06/30/2018,,2.32763,70%,04/01/2015,03/31/2018,,N,07/01/2017,06/30/2018,
050742,OLYMPIA MEDICAL CENTER,31080,"Los Angeles-Long Beach-Anaheim, CA",77.94,10%,07/01/2017,06/30/2018,,3.01331,20%,04/01/2015,03/31/2018,,N,07/01/2017,06/30/2018,*
050745,CHAPMAN GLOBAL MEDICAL CENTER,31080,"Los Angeles-Long Beach-Anaheim, CA",81.75,10%,07/01/2017,06/30/2018,,2.3728,70%,04/01/2015,03/31/2018,,N,07/01/2017,06/30/2018,
050746,ORANGE COUNTY GLOBAL MEDICAL CENTER,31080,"Los Angeles-Long Beach-Anaheim, CA",81.56,10%,07/01/2017,06/30/2018,,N/A,N/A,04/01/2015,03/31/2018,1,N,07/01/2017,06/30/2018,
050755,SHERMAN OAKS HOSPITAL,31080,"Los Angeles-Long Beach-Anaheim, CA",80.44,10%,07/01/2017,06/30/2018,,2.44809,60%,04/01/2015,03/31/2018,,N,07/01/2017,06/30/2018,
050761,PROVIDENCE TARZANA MEDICAL CENTER,31080,"Los Angeles-Long Beach-Anaheim, CA",83.13,20%,07/01/2017,06/30/2018,,2.79729,30%,04/01/2015,03/31/2018,,N,07/01/2017,06/30/2018,*
050763,SILVER LAKE MEDICAL CENTER,31080,"Los Angeles-Long Beach-Anaheim, CA",N/A,N/A,07/01/2017,06/30/2018,***,N/A,N/A,04/01/2015,03/31/2018,1,N,07/01/2017,06/30/2018,
050769,HOAG ORTHOPEDIC INSTITUTE,31080,"Los Angeles-Long Beach-Anaheim, CA",91.25,100%,07/01/2017,06/30/2018,,1.42842,100%,04/01/2015,03/31/2018,,N,07/01/2017,06/30/2018,
060004,PLATTE VALLEY MEDICAL CENTER,19740,"Denver-Aurora-Lakewood, CO",87.69,80%,07/01/2017,06/30/2018,,2.5385,50%,04/01/2015,03/31/2018,,N,07/01/2017,06/30/2018,
060009,LUTHERAN MEDICAL CENTER,19740,"Denver-Aurora-Lakewood, CO",87.75,80%,07/01/2017,06/30/2018,,3.16059,20%,04/01/2015,03/31/2018,,N,07/01/2017,06/30/2018,
060028,SAINT JOSEPH HOSPITAL,19740,"Denver-Aurora-Lakewood, CO",88.81,90%,07/01/2017,06/30/2018,,2.56906,50%,04/01/2015,03/31/2018,,Y,07/01/2017,06/30/2018,
060032,ROSE MEDICAL CENTER,19740,"Denver-Aurora-Lakewood, CO",88.63,90%,07/01/2017,06/30/2018,,2.55747,50%,04/01/2015,03/31/2018,,N,07/01/2017,06/30/2018,
060064,Centura Health Porter Adventist Hospital,19740,"Denver-Aurora-Lakewood, CO",86.56,60%,07/01/2017,06/30/2018,,2.06688,90%,04/01/2015,03/31/2018,,N,07/01/2017,06/30/2018,
060112,SKY RIDGE MEDICAL CENTER,19740,"Denver-Aurora-Lakewood, CO",86.13,60%,07/01/2017,06/30/2018,,2.46967,60%,04/01/2015,03/31/2018,,N,07/01/2017,06/30/2018,
060116,GOOD SAMARITAN MEDICAL CENTER,14500,"Boulder, CO",87.63,80%,07/01/2017,06/30/2018,,2.88545,30%,04/01/2015,03/31/2018,,N,07/01/2017,06/30/2018,
070005,WATERBURY HOSPITAL,35300,"New Haven-Milford, CT",82.50,20%,07/01/2017,06/30/2018,,2.48607,60%,04/01/2015,03/31/2018,,N,07/01/2017,06/30/2018,
070007,LAWRENCE & MEMORIAL HOSPITAL,35980,"Norwich-New London, CT",85.50,50%,07/01/2017,06/30/2018,,1.84287,100%,04/01/2015,03/31/2018,,N,07/01/2017,06/30/2018,
070016,SAINT MARYS HOSPITAL,35300,"New Haven-Milford, CT",84.25,30%,07/01/2017,06/30/2018,,2.51839,60%,04/01/2015,03/31/2018,,N,07/01/2017,06/30/2018,
070017,MIDSTATE MEDICAL CENTER,35300,"New Haven-Milford, CT",88.13,90%,07/01/2017,06/30/2018,,2.96338,30%,04/01/2015,03/31/2018,,N,07/01/2017,06/30/2018,
070019,"MILFORD HOSPITAL, INC",35300,"New Haven-Milford, CT",89.69,100%,07/01/2017,06/30/2018,,1.6763,100%,04/01/2015,03/31/2018,,N,07/01/2017,06/30/2018,
070022,YALE-NEW HAVEN HOSPITAL,35300,"New Haven-Milford, CT",86.00,50%,07/01/2017,06/30/2018,,2.97012,20%,04/01/2015,03/31/2018,,N,07/01/2017,06/30/2018,
070024,WILLIAM W BACKUS HOSPITAL,35980,"Norwich-New London, CT",85.00,40%,07/01/2017,06/30/2018,,3.52667,10%,04/01/2015,03/31/2018,,N,07/01/2017,06/30/2018,*
070031,GRIFFIN HOSPITAL,35300,"New Haven-Milford, CT",87.81,80%,07/01/2017,06/30/2018,,1.79337,100%,04/01/2015,03/31/2018,,N,07/01/2017,06/30/2018,
100002,BETHESDA HOSPITAL EAST,33100,"Miami-Fort Lauderdale-West Palm Beach, FL",79.94,10%,07/01/2017,06/30/2018,,1.90571,100%,04/01/2015,03/31/2018,,N,07/01/2017,06/30/2018,
100006,ORLANDO HEALTH,36740,"Orlando-Kissimmee-Sanford, FL",85.88,50%,07/01/2017,06/30/2018,,2.6493,50%,04/01/2015,03/31/2018,,N,07/01/2017,06/30/2018,**
100007,FLORIDA HOSPITAL,36740,"Orlando-Kissimmee-Sanford, FL",87.63,80%,07/01/2017,06/30/2018,,2.14113,90%,04/01/2015,03/31/2018,,Y,07/01/2017,06/30/2018,
100008,BAPTIST HOSPITAL OF MIAMI,33100,"Miami-Fort Lauderdale-West Palm Beach, FL",86.38,60%,07/01/2017,06/30/2018,,1.94576,100%,04/01/2015,03/31/2018,,N,07/01/2017,06/30/2018,
100009,UNIVERSITY OF MIAMI HOSPITAL,33100,"Miami-Fort Lauderdale-West Palm Beach, FL",N/A,N/A,07/01/2017,06/30/2018,***,2.02571,90%,04/01/2015,03/31/2018,,N,07/01/2017,06/30/2018,
100025,SACRED HEART HOSPITAL,37860,"Pensacola-Ferry Pass-Brent, FL",86.19,60%,07/01/2017,06/30/2018,,2.81725,30%,04/01/2015,03/31/2018,,N,07/01/2017,06/30/2018,
100029,NORTH SHORE MEDICAL CENTER,33100,"Miami-Fort Lauderdale-West Palm Beach, FL",79.88,10%,07/01/2017,06/30/2018,,2.33505,70%,04/01/2015,03/31/2018,,N,07/01/2017,06/30/2018,
100030,HEALTH CENTRAL,36740,"Orlando-Kissimmee-Sanford, FL",84.44,30%,07/01/2017,06/30/2018,,2.06289,90%,04/01/2015,03/31/2018,,N,07/01/2017,06/30/2018,
100032,BAYFRONT HEALTH - ST PETERSBURG,45300,"Tampa-St. Petersburg-Clearwater, FL",82.81,20%,07/01/2017,06/30/2018,,3.51261,10%,04/01/2015,03/31/2018,,N,07/01/2017,06/30/2018,*
100034,MOUNT SINAI MEDICAL CENTER,33100,"Miami-Fort Lauderdale-West Palm Beach, FL",84.06,30%,07/01/2017,06/30/2018,,2.29863,80%,04/01/2015,03/31/2018,,N,07/01/2017,06/30/2018,
100038,MEMORIAL REGIONAL HOSPITAL,33100,"Miami-Fort Lauderdale-West Palm Beach, FL",86.25,60%,07/01/2017,06/30/2018,,2.61156,50%,04/01/2015,03/31/2018,,N,07/01/2017,06/30/2018,
100039,BROWARD HEALTH MEDICAL CENTER,33100,"Miami-Fort Lauderdale-West Palm Beach, FL",83.63,20%,07/01/2017,06/30/2018,,2.24527,80%,04/01/2015,03/31/2018,,N,07/01/2017,06/30/2018,
100043,MEASE DUNEDIN HOSPITAL,45300,"Tampa-St. Petersburg-Clearwater, FL",88.94,90%,07/01/2017,06/30/2018,,2.25191,80%,04/01/2015,03/31/2018,,N,07/01/2017,06/30/2018,
100044,MARTIN MEDICAL CENTER,38940,"Port St. Lucie, FL",83.19,20%,07/01/2017,06/30/2018,,2.37385,70%,04/01/2015,03/31/2018,,N,07/01/2017,06/30/2018,
100046,FLORIDA HOSPITAL ZEPHYRHILLS,45300,"Tampa-St. Petersburg-Clearwater, FL",86.50,60%,07/01/2017,06/30/2018,,2.32564,70%,04/01/2015,03/31/2018,,Y,07/01/2017,06/30/2018,
100050,LARKIN COMMUNITY HOSPITAL PALM SPRINGS CAMPUS,33100,"Miami-Fort Lauderdale-West Palm Beach, FL",75.38,10%,07/01/2017,06/30/2018,,N/A,N/A,04/01/2015,03/31/2018,1,N,07/01/2017,06/30/2018,
100051,SOUTH LAKE HOSPITAL,36740,"Orlando-Kissimmee-Sanford, FL",85.75,50%,07/01/2017,06/30/2018,,2.88825,30%,04/01/2015,03/31/2018,,N,07/01/2017,06/30/2018,
100053,HIALEAH HOSPITAL,33100,"Miami-Fort Lauderdale-West Palm Beach, FL",81.75,10%,07/01/2017,06/30/2018,,N/A,N/A,04/01/2015,03/31/2018,1,N,07/01/2017,06/30/2018,
100055,FLORIDA HOSPITAL NORTH PINELLAS,45300,"Tampa-St. Petersburg-Clearwater, FL",86.38,60%,07/01/2017,06/30/2018,,2.75625,40%,04/01/2015,03/31/2018,,N,07/01/2017,06/30/2018,
100057,FLORIDA HOSPITAL WATERMAN,36740,"Orlando-Kissimmee-Sanford, FL",87.81,80%,07/01/2017,06/30/2018,,2.8226,30%,04/01/2015,03/31/2018,,Y,07/01/2017,06/30/2018,
100063,MORTON PLANT NORTH BAY HOSPITAL,45300,"Tampa-St. Petersburg-Clearwater, FL",86.94,70%,07/01/2017,06/30/2018,,1.86132,100%,04/01/2015,03/31/2018,,N,07/01/2017,06/30/2018,
100067,ST ANTHONYS HOSPITAL,45300,"Tampa-St. Petersburg-Clearwater, FL",85.00,40%,07/01/2017,06/30/2018,,3.88351,10%,04/01/2015,03/31/2018,,N,07/01/2017,06/30/2018,*
100069,FLORIDA HOSPITAL CARROLLWOOD,45300,"Tampa-St. Petersburg-Clearwater, FL",87.63,80%,07/01/2017,06/30/2018,,2.43643,60%,04/01/2015,03/31/2018,,N,07/01/2017,06/30/2018,
100071,BAYFRONT HEALTH BROOKSVILLE,45300,"Tampa-St. Petersburg-Clearwater, FL",79.38,10%,07/01/2017,06/30/2018,,2.74382,40%,04/01/2015,03/31/2018,,N,07/01/2017,06/30/2018,
100073,HOLY CROSS HOSPITAL,33100,"Miami-Fort Lauderdale-West Palm Beach, FL",82.25,10%,07/01/2017,06/30/2018,,1.81268,100%,04/01/2015,03/31/2018,,N,07/01/2017,06/30/2018,
100075,ST JOSEPHS HOSPITAL,45300,"Tampa-St. Petersburg-Clearwater, FL",87.56,80%,07/01/2017,06/30/2018,,3.71263,10%,04/01/2015,03/31/2018,,N,07/01/2017,06/30/2018,
100080,JFK MEDICAL CENTER,33100,"Miami-Fort Lauderdale-West Palm Beach, FL",79.31,10%,07/01/2017,06/30/2018,,2.42811,60%,04/01/2015,03/31/2018,,N,07/01/2017,06/30/2018,
100084,LEESBURG REGIONAL MEDICAL CENTER,36740,"Orlando-Kissimmee-Sanford, FL",79.81,10%,07/01/2017,06/30/2018,,3.13245,20%,04/01/2015,03/31/2018,,N,07/01/2017,06/30/2018,*
100086,BROWARD HEALTH NORTH,33100,"Miami-Fort Lauderdale-West Palm Beach, FL",85.88,50%,07/01/2017,06/30/2018,,1.51572,100%,04/01/2015,03/31/2018,,N,07/01/2017,06/30/2018,
100093,BAPTIST HOSPITAL,37860,"Pensacola-Ferry Pass-Brent, FL",86.50,60%,07/01/2017,06/30/2018,,1.6849,100%,04/01/2015,03/31/2018,,Y,07/01/2017,06/30/2018,
100105,INDIAN RIVER MEDICAL CENTER,42680,"Sebastian-Vero Beach, FL",83.31,20%,07/01/2017,06/30/2018,,2.25469,80%,04/01/2015,03/31/2018,,N,07/01/2017,06/30/2018,
100110,OSCEOLA REGIONAL MEDICAL CENTER,36740,"Orlando-Kissimmee-Sanford, FL",81.25,10%,07/01/2017,06/30/2018,,2.57248,50%,04/01/2015,03/31/2018,,N,07/01/2017,06/30/2018,
100113,UF HEALTH SHANDS HOSPITAL,23540,"Gainesville, FL",85.13,40%,07/01/2017,06/30/2018,,2.63761,50%,04/01/2015,03/31/2018,,N,07/01/2017,06/30/2018,
100124,SANTA ROSA MEDICAL CENTER,37860,"Pensacola-Ferry Pass-Brent, FL",84.56,30%,07/01/2017,06/30/2018,,2.41069,70%,04/01/2015,03/31/2018,,N,07/01/2017,06/30/2018,
100125,HOMESTEAD HOSPITAL,33100,"Miami-Fort Lauderdale-West Palm Beach, FL",86.19,60%,07/01/2017,06/30/2018,,N/A,N/A,04/01/2015,03/31/2018,1,N,07/01/2017,06/30/2018,
100126,PALMS OF PASADENA HOSPITAL,45300,"Tampa-St. Petersburg-Clearwater, FL",85.31,40%,07/01/2017,06/30/2018,,2.10908,90%,04/01/2015,03/31/2018,,N,07/01/2017,06/30/2018,
100127,MORTON PLANT HOSPITAL,45300,"Tampa-St. Petersburg-Clearwater, FL",87.06,70%,07/01/2017,06/30/2018,,1.99105,90%,04/01/2015,03/31/2018,,N,07/01/2017,06/30/2018,
100128,TAMPA GENERAL HOSPITAL,45300,"Tampa-St. Petersburg-Clearwater, FL",86.56,60%,07/01/2017,06/30/2018,,2.3597,70%,04/01/2015,03/31/2018,,N,07/01/2017,06/30/2018,
100131,AVENTURA HOSPITAL AND MEDICAL CENTER,33100,"Miami-Fort Lauderdale-West Palm Beach, FL",80.56,10%,07/01/2017,06/30/2018,,2.78557,30%,04/01/2015,03/31/2018,,N,07/01/2017,06/30/2018,**
100132,SOUTH FLORIDA BAPTIST HOSPITAL,45300,"Tampa-St. Petersburg-Clearwater, FL",87.38,80%,07/01/2017,06/30/2018,,3.20429,20%,04/01/2015,03/31/2018,,N,07/01/2017,06/30/2018,
100154,SOUTH MIAMI HOSPITAL,33100,"Miami-Fort Lauderdale-West Palm Beach, FL",85.75,50%,07/01/2017,06/30/2018,,2.0526,90%,04/01/2015,03/31/2018,,N,07/01/2017,06/30/2018,
100161,CENTRAL FLORIDA REGIONAL HOSPITAL,36740,"Orlando-Kissimmee-Sanford, FL",82.38,10%,07/01/2017,06/30/2018,,3.04402,20%,04/01/2015,03/31/2018,,N,07/01/2017,06/30/2018,*
100167,PLANTATION GENERAL HOSPITAL,33100,"Miami-Fort Lauderdale-West Palm Beach, FL",82.00,10%,07/01/2017,06/30/2018,,2.65987,40%,04/01/2015,03/31/2018,,N,07/01/2017,06/30/2018,
100168,BOCA RATON REGIONAL HOSPITAL,33100,"Miami-Fort Lauderdale-West Palm Beach, FL",82.81,20%,07/01/2017,06/30/2018,,3.58238,10%,04/01/2015,03/31/2018,,N,07/01/2017,06/30/2018,*
100173,FLORIDA HOSPITAL TAMPA,45300,"Tampa-St. Petersburg-Clearwater, FL",85.19,40%,07/01/2017,06/30/2018,,2.95101,30%,04/01/2015,03/31/2018,,N,07/01/2017,06/30/2018,*
100176,PALM BEACH GARDENS MEDICAL CENTER,33100,"Miami-Fort Lauderdale-West Palm Beach, FL",82.56,20%,07/01/2017,06/30/2018,,2.408,70%,04/01/2015,03/31/2018,,N,07/01/2017,06/30/2018,
100180,ST PETERSBURG GENERAL HOSPITAL,45300,"Tampa-St. Petersburg-Clearwater, FL",83.13,20%,07/01/2017,06/30/2018,,2.57905,50%,04/01/2015,03/31/2018,,N,07/01/2017,06/30/2018,
100181,LARKIN COMMUNITY HOSPITAL,33100,"Miami-Fort Lauderdale-West Palm Beach, FL",N/A,N/A,07/01/2017,06/30/2018,***,2.78193,40%,04/01/2015,03/31/2018,,N,07/01/2017,06/30/2018,
100183,CORAL GABLES HOSPITAL,33100,"Miami-Fort Lauderdale-West Palm Beach, FL",83.38,20%,07/01/2017,06/30/2018,,2.30252,80%,04/01/2015,03/31/2018,,N,07/01/2017,06/30/2018,
100187,PALMETTO GENERAL HOSPITAL,33100,"Miami-Fort Lauderdale-West Palm Beach, FL",82.63,20%,07/01/2017,06/30/2018,,2.25897,80%,04/01/2015,03/31/2018,,N,07/01/2017,06/30/2018,
100189,NORTHWEST MEDICAL CENTER,33100,"Miami-Fort Lauderdale-West Palm Beach, FL",79.69,10%,07/01/2017,06/30/2018,,N/A,N/A,04/01/2015,03/31/2018,1,N,07/01/2017,06/30/2018,
100191,MEDICAL CENTER OF TRINITY,45300,"Tampa-St. Petersburg-Clearwater, FL",85.13,40%,07/01/2017,06/30/2018,,2.51738,60%,04/01/2015,03/31/2018,,N,07/01/2017,06/30/2018,
100200,BROWARD HEALTH IMPERIAL POINT,33100,"Miami-Fort Lauderdale-West Palm Beach, FL",85.50,50%,07/01/2017,06/30/2018,,2.22835,80%,04/01/2015,03/31/2018,,N,07/01/2017,06/30/2018,
100204,NORTH FLORIDA REGIONAL MEDICAL CENTER,23540,"Gainesville, FL",82.56,20%,07/01/2017,06/30/2018,,2.09211,90%,04/01/2015,03/31/2018,,N,07/01/2017,06/30/2018,
100206,MEMORIAL HOSPITAL OF TAMPA,45300,"Tampa-St. Petersburg-Clearwater, FL",85.13,40%,07/01/2017,06/30/2018,,2.61557,50%,04/01/2015,03/31/2018,,N,07/01/2017,06/30/2018,
100209,KENDALL REGIONAL MEDICAL CENTER,33100,"Miami-Fort Lauderdale-West Palm Beach, FL",80.25,10%,07/01/2017,06/30/2018,,2.96193,30%,04/01/2015,03/31/2018,,N,07/01/2017,06/30/2018,*
100211,FLORIDA HOSPITAL DADE CITY,45300,"Tampa-St. Petersburg-Clearwater, FL",81.00,10%,07/01/2017,06/30/2018,,N/A,N/A,04/01/2015,03/31/2018,1,N,07/01/2017,06/30/2018,
100217,SEBASTIAN RIVER MEDICAL CENTER,42680,"Sebastian-Vero Beach, FL",80.75,10%,07/01/2017,06/30/2018,,2.99267,20%,04/01/2015,03/31/2018,,N,07/01/2017,06/30/2018,*
100224,UNIVERSITY HOSPITAL AND MEDICAL CENTER,33100,"Miami-Fort Lauderdale-West Palm Beach, FL",81.94,10%,07/01/2017,06/30/2018,,3.05503,20%,04/01/2015,03/31/2018,,N,07/01/2017,06/30/2018,*
100228,WESTSIDE REGIONAL MEDICAL CENTER,33100,"Miami-Fort Lauderdale-West Palm Beach, FL",78.25,10%,07/01/2017,06/30/2018,,2.60179,50%,04/01/2015,03/31/2018,,N,07/01/2017,06/30/2018,**
100230,MEMORIAL HOSPITAL PEMBROKE,33100,"Miami-Fort Lauderdale-West Palm Beach, FL",88.19,90%,07/01/2017,06/30/2018,,N/A,N/A,04/01/2015,03/31/2018,1,N,07/01/2017,06/30/2018,
100231,WEST FLORIDA HOSPITAL,37860,"Pensacola-Ferry Pass-Brent, FL",86.75,70%,07/01/2017,06/30/2018,,2.79808,30%,04/01/2015,03/31/2018,,N,07/01/2017,06/30/2018,
100238,NORTHSIDE HOSPITAL,45300,"Tampa-St. Petersburg-Clearwater, FL",82.88,20%,07/01/2017,06/30/2018,,2.82908,30%,04/01/2015,03/31/2018,,N,07/01/2017,06/30/2018,*
100243,BRANDON REGIONAL HOSPITAL,45300,"Tampa-St. Petersburg-Clearwater, FL",82.94,20%,07/01/2017,06/30/2018,,2.96456,30%,04/01/2015,03/31/2018,,N,07/01/2017,06/30/2018,*
100246,LAWNWOOD REGIONAL MEDICAL CENTER & HEART INSTITUTE,38940,"Port St. Lucie, FL",79.31,10%,07/01/2017,06/30/2018,,3.42321,10%,04/01/2015,03/31/2018,,N,07/01/2017,06/30/2018,*
100248,LARGO MEDICAL CENTER,45300,"Tampa-St. Petersburg-Clearwater, FL",83.13,20%,07/01/2017,06/30/2018,,4.6197,10%,04/01/2015,03/31/2018,,N,07/01/2017,06/30/2018,*
100253,Jupiter Medical Center,33100,"Miami-Fort Lauderdale-West Palm Beach, FL",86.88,70%,07/01/2017,06/30/2018,,2.17159,90%,04/01/2015,03/31/2018,,N,07/01/2017,06/30/2018,
100255,TAMPA COMMUNITY HOSPITAL,45300,"Tampa-St. Petersburg-Clearwater, FL",84.00,30%,07/01/2017,06/30/2018,,N/A,N/A,04/01/2015,03/31/2018,1,N,07/01/2017,06/30/2018,
100256,REGIONAL MEDICAL CENTER BAYONET POINT,45300,"Tampa-St. Petersburg-Clearwater, FL",83.44,20%,07/01/2017,06/30/2018,,1.80512,100%,04/01/2015,03/31/2018,,N,07/01/2017,06/30/2018,
100258,DELRAY MEDICAL CENTER,33100,"Miami-Fort Lauderdale-West Palm Beach, FL",79.56,10%,07/01/2017,06/30/2018,,2.31602,70%,04/01/2015,03/31/2018,,N,07/01/2017,06/30/2018,
100259,SOUTH BAY HOSPITAL,45300,"Tampa-St. Petersburg-Clearwater, FL",82.56,20%,07/01/2017,06/30/2018,,2.4654,60%,04/01/2015,03/31/2018,,N,07/01/2017,06/30/2018,
100260,ST LUCIE MEDICAL CENTER,38940,"Port St. Lucie, FL",84.81,40%,07/01/2017,06/30/2018,,3.37096,10%,04/01/2015,03/31/2018,,N,07/01/2017,06/30/2018,*
100264,OAK HILL HOSPITAL,45300,"Tampa-St. Petersburg-Clearwater, FL",83.44,20%,07/01/2017,06/30/2018,,3.0209,20%,04/01/2015,03/31/2018,,N,07/01/2017,06/30/2018,*
100265,MEASE COUNTRYSIDE HOSPITAL,45300,"Tampa-St. Petersburg-Clearwater, FL",87.13,70%,07/01/2017,06/30/2018,,2.06949,90%,04/01/2015,03/31/2018,,N,07/01/2017,06/30/2018,
100266,GULF BREEZE HOSPITAL,37860,"Pensacola-Ferry Pass-Brent, FL",87.50,80%,07/01/2017,06/30/2018,,3.0027,20%,04/01/2015,03/31/2018,,N,07/01/2017,06/30/2018,
100268,WEST BOCA MEDICAL CENTER,33100,"Miami-Fort Lauderdale-West Palm Beach, FL",81.56,10%,07/01/2017,06/30/2018,,2.25269,80%,04/01/2015,03/31/2018,,N,07/01/2017,06/30/2018,
100269,PALMS WEST HOSPITAL,33100,"Miami-Fort Lauderdale-West Palm Beach, FL",82.19,10%,07/01/2017,06/30/2018,,N/A,N/A,04/01/2015,03/31/2018,1,N,07/01/2017,06/30/2018,
100275,WELLINGTON REGIONAL MEDICAL CENTER,33100,"Miami-Fort Lauderdale-West Palm Beach, FL",83.06,20%,07/01/2017,06/30/2018,,2.85732,30%,04/01/2015,03/31/2018,,N,07/01/2017,06/30/2018,*
100276,BROWARD HEALTH CORAL SPRINGS,33100,"Miami-Fort Lauderdale-West Palm Beach, FL",82.00,10%,07/01/2017,06/30/2018,,2.24472,80%,04/01/2015,03/31/2018,,N,07/01/2017,06/30/2018,
100281,MEMORIAL HOSPITAL WEST,33100,"Miami-Fort Lauderdale-West Palm Beach, FL",86.81,70%,07/01/2017,06/30/2018,,2.33852,70%,04/01/2015,03/31/2018,,N,07/01/2017,06/30/2018,
100284,WESTCHESTER GENERAL HOSPITAL,33100,"Miami-Fort Lauderdale-West Palm Beach, FL",84.56,30%,07/01/2017,06/30/2018,,N/A,N/A,04/01/2015,03/31/2018,1,N,07/01/2017,06/30/2018,
100285,MEMORIAL HOSPITAL MIRAMAR,33100,"Miami-Fort Lauderdale-West Palm Beach, FL",88.13,90%,07/01/2017,06/30/2018,,2.59587,50%,04/01/2015,03/31/2018,,N,07/01/2017,06/30/2018,
100286,PHYSICIANS REGIONAL MEDICAL CENTER - PINE RIDGE,34940,"Naples-Immokalee-Marco Island, FL",80.63,10%,07/01/2017,06/30/2018,,1.7507,100%,04/01/2015,03/31/2018,,N,07/01/2017,06/30/2018,
100287,GOOD SAMARITAN MEDICAL CENTER,33100,"Miami-Fort Lauderdale-West Palm Beach, FL",83.00,20%,07/01/2017,06/30/2018,,2.07065,90%,04/01/2015,03/31/2018,,N,07/01/2017,06/30/2018,
100288,ST MARY'S MEDICAL CENTER,33100,"Miami-Fort Lauderdale-West Palm Beach, FL",80.44,10%,07/01/2017,06/30/2018,,2.37707,70%,04/01/2015,03/31/2018,,N,07/01/2017,06/30/2018,
100289,CLEVELAND CLINIC HOSPITAL,33100,"Miami-Fort Lauderdale-West Palm Beach, FL",86.50,60%,07/01/2017,06/30/2018,,1.66818,100%,04/01/2015,03/31/2018,,N,07/01/2017,06/30/2018,
100296,DOCTORS HOSPITAL,33100,"Miami-Fort Lauderdale-West Palm Beach, FL",86.31,60%,07/01/2017,06/30/2018,,1.72283,100%,04/01/2015,03/31/2018,,N,07/01/2017,06/30/2018,
100302,ST CLOUD REGIONAL MEDICAL CENTER,36740,"Orlando-Kissimmee-Sanford, FL",77.19,10%,07/01/2017,06/30/2018,,N/A,N/A,04/01/2015,03/31/2018,1,N,07/01/2017,06/30/2018,
100314,WEST KENDALL BAPTIST HOSPITAL,33100,"Miami-Fort Lauderdale-West Palm Beach, FL",87.81,80%,07/01/2017,06/30/2018,,N/A,N/A,04/01/2015,03/31/2018,1,N,07/01/2017,06/30/2018,
100319,FLORIDA HOSPITAL WESLEY CHAPEL,45300,"Tampa-St. Petersburg-Clearwater, FL",88.94,90%,07/01/2017,06/30/2018,,2.17143,90%,04/01/2015,03/31/2018,,Y,07/01/2017,06/30/2018,
110029,"NORTHEAST GEORGIA MEDICAL CENTER, INC",23580,"Gainesville, GA",85.25,40%,07/01/2017,06/30/2018,,2.17674,80%,04/01/2015,03/31/2018,,N,07/01/2017,06/30/2018,
110074,ATHENS REGIONAL MEDICAL CENTER,12020,"Athens-Clarke County, GA",85.38,40%,07/01/2017,06/30/2018,,3.17728,20%,04/01/2015,03/31/2018,,N,07/01/2017,06/30/2018,*
150005,HENDRICKS REGIONAL HEALTH,26900,"Indianapolis-Carmel-Anderson, IN",89.06,90%,07/01/2017,06/30/2018,,2.33957,70%,04/01/2015,03/31/2018,,N,07/01/2017,06/30/2018,
150012,SAINT JOSEPH REGIONAL MEDICAL CENTER,43780,"South Bend-Mishawaka, IN-MI",84.88,40%,07/01/2017,06/30/2018,,2.09314,90%,04/01/2015,03/31/2018,,Y,07/01/2017,06/30/2018,
150037,HANCOCK REGIONAL HOSPITAL,26900,"Indianapolis-Carmel-Anderson, IN",88.88,90%,07/01/2017,06/30/2018,,2.33503,70%,04/01/2015,03/31/2018,,N,07/01/2017,06/30/2018,
150058,MEMORIAL HOSPITAL OF SOUTH BEND,43780,"South Bend-Mishawaka, IN-MI",85.00,40%,07/01/2017,06/30/2018,,1.83357,100%,04/01/2015,03/31/2018,,N,07/01/2017,06/30/2018,
150084,ST VINCENT HOSPITAL & HEALTH SERVICES,26900,"Indianapolis-Carmel-Anderson, IN",86.13,60%,07/01/2017,06/30/2018,,2.86035,30%,04/01/2015,03/31/2018,,N,07/01/2017,06/30/2018,
150086,DEARBORN COUNTY HOSPITAL,17140,"Cincinnati, OH-KY-IN",88.75,90%,07/01/2017,06/30/2018,,3.97945,10%,04/01/2015,03/31/2018,,N,07/01/2017,06/30/2018,
150160,ORTHOINDY HOSPITAL,26900,"Indianapolis-Carmel-Anderson, IN",91.19,100%,07/01/2017,06/30/2018,,2.4111,70%,04/01/2015,03/31/2018,,N,07/01/2017,06/30/2018,
170016,ST FRANCIS HEALTH CENTER INC,45820,"Topeka, KS",86.13,60%,07/01/2017,06/30/2018,,1.99393,90%,04/01/2015,03/31/2018,,N,07/01/2017,06/30/2018,
170049,OLATHE MEDICAL CENTER,28140,"Kansas City, MO-KS",86.63,70%,07/01/2017,06/30/2018,,2.9064,30%,04/01/2015,03/31/2018,,N,07/01/2017,06/30/2018,
170109,MIAMI COUNTY MEDICAL CENTER,28140,"Kansas City, MO-KS",90.69,100%,07/01/2017,06/30/2018,,2.18817,80%,04/01/2015,03/31/2018,,N,07/01/2017,06/30/2018,
170183,KANSAS SURGERY AND RECOVERY CENTER,48620,"Wichita, KS",91.88,100%,07/01/2017,06/30/2018,,1.46538,100%,04/01/2015,03/31/2018,,N,07/01/2017,06/30/2018,
170188,KANSAS CITY ORTHOPAEDIC INSTITUTE,28140,"Kansas City, MO-KS",90.88,100%,07/01/2017,06/30/2018,,2.40673,70%,04/01/2015,03/31/2018,,Y,07/01/2017,06/30/2018,
180001,ST ELIZABETH FT THOMAS,17140,"Cincinnati, OH-KY-IN",86.94,70%,07/01/2017,06/30/2018,,N/A,N/A,04/01/2015,03/31/2018,5,N,07/01/2017,06/30/2018,**
180035,ST ELIZABETH MEDICAL CENTER NORTH,17140,"Cincinnati, OH-KY-IN",86.88,70%,07/01/2017,06/30/2018,,2.20413,80%,04/01/2015,03/31/2018,,N,07/01/2017,06/30/2018,**
180045,ST ELIZABETH FLORENCE,17140,"Cincinnati, OH-KY-IN",85.88,50%,07/01/2017,06/30/2018,,N/A,N/A,04/01/2015,03/31/2018,7,N,07/01/2017,06/30/2018,**
190036,OCHSNER MEDICAL CENTER,35380,"New Orleans-Metairie, LA",85.94,50%,07/01/2017,06/30/2018,,1.9881,90%,04/01/2015,03/31/2018,,N,07/01/2017,06/30/2018,
190039,WEST JEFFERSON MEDICAL CENTER,35380,"New Orleans-Metairie, LA",85.19,40%,07/01/2017,06/30/2018,,2.89415,30%,04/01/2015,03/31/2018,,N,07/01/2017,06/30/2018,*
190040,SLIDELL MEMORIAL HOSPITAL,35380,"New Orleans-Metairie, LA",86.13,60%,07/01/2017,06/30/2018,,3.41538,10%,04/01/2015,03/31/2018,,N,07/01/2017,06/30/2018,
190045,ST TAMMANY PARISH HOSPITAL,35380,"New Orleans-Metairie, LA",88.38,90%,07/01/2017,06/30/2018,,2.67915,40%,04/01/2015,03/31/2018,,N,07/01/2017,06/30/2018,
190046,TOURO INFIRMARY,35380,"New Orleans-Metairie, LA",86.00,50%,07/01/2017,06/30/2018,,1.98635,90%,04/01/2015,03/31/2018,,N,07/01/2017,06/30/2018,
190079,ST CHARLES PARISH HOSPITAL,35380,"New Orleans-Metairie, LA",91.06,100%,07/01/2017,06/30/2018,,N/A,N/A,04/01/2015,03/31/2018,1,N,07/01/2017,06/30/2018,
190125,ST FRANCIS MEDICAL CENTER,33740,"Monroe, LA",85.81,50%,07/01/2017,06/30/2018,,2.15957,90%,04/01/2015,03/31/2018,,N,07/01/2017,06/30/2018,
190146,EAST JEFFERSON GENERAL HOSPITAL,35380,"New Orleans-Metairie, LA",85.25,40%,07/01/2017,06/30/2018,,2.25043,80%,04/01/2015,03/31/2018,,N,07/01/2017,06/30/2018,
190160,GLENWOOD REGIONAL MEDICAL CENTER,33740,"Monroe, LA",83.69,20%,07/01/2017,06/30/2018,,2.14799,90%,04/01/2015,03/31/2018,,Y,07/01/2017,06/30/2018,
190176,TULANE MEDICAL CENTER,35380,"New Orleans-Metairie, LA",85.38,40%,07/01/2017,06/30/2018,,2.56324,50%,04/01/2015,03/31/2018,,N,07/01/2017,06/30/2018,
190204,"OCHSNER MEDICAL CENTER - NORTHSHORE, L L C",35380,"New Orleans-Metairie, LA",85.50,50%,07/01/2017,06/30/2018,,2.50526,60%,04/01/2015,03/31/2018,,N,07/01/2017,06/30/2018,
190246,P & S SURGICAL HOSPITAL,33740,"Monroe, LA",N/A,N/A,07/01/2017,06/30/2018,***,2.25157,80%,04/01/2015,03/31/2018,,N,07/01/2017,06/30/2018,
190250,LOUISIANA HEART HOSPITAL,35380,"New Orleans-Metairie, LA",N/A,N/A,07/01/2017,06/30/2018,***,2.32942,70%,04/01/2015,03/31/2018,,N,07/01/2017,06/30/2018,**
190256,STERLING SURGICAL HOSPITAL,35380,"New Orleans-Metairie, LA",N/A,N/A,07/01/2017,06/30/2018,***,N/A,N/A,04/01/2015,03/31/2018,1,N,07/01/2017,06/30/2018,
190267,FAIRWAY MEDICAL CENTER,35380,"New Orleans-Metairie, LA",91.81,100%,07/01/2017,06/30/2018,,2.32191,70%,04/01/2015,03/31/2018,,N,07/01/2017,06/30/2018,
190270,SOUTHERN SURGICAL HOSPITAL,35380,"New Orleans-Metairie, LA",91.75,100%,07/01/2017,06/30/2018,,3.31899,10%,04/01/2015,03/31/2018,,N,07/01/2017,06/30/2018,
190274,OCHSNER MEDICAL CENTER KENNER,35380,"New Orleans-Metairie, LA",86.63,70%,07/01/2017,06/30/2018,,2.43322,60%,04/01/2015,03/31/2018,,N,07/01/2017,06/30/2018,
230070,COVENANT MEDICAL CENTER,40980,"Saginaw, MI",86.56,60%,07/01/2017,06/30/2018,,3.37983,10%,04/01/2015,03/31/2018,,N,07/01/2017,06/30/2018,
230132,HURLEY MEDICAL CENTER,22420,"Flint, MI",81.13,10%,07/01/2017,06/30/2018,,2.77176,40%,04/01/2015,03/31/2018,,Y,07/01/2017,06/30/2018,
230141,MCLAREN FLINT,22420,"Flint, MI",82.63,20%,07/01/2017,06/30/2018,,1.89419,100%,04/01/2015,03/31/2018,,N,07/01/2017,06/30/2018,
250141,BAPTIST MEMORIAL HOSPITAL DESOTO,32820,"Memphis, TN-MS-AR",82.31,10%,07/01/2017,06/30/2018,,N/A,N/A,04/01/2015,03/31/2018,1,N,07/01/2017,06/30/2018,
260162,BARNES-JEWISH WEST COUNTY HOSPITAL,41180,"St. Louis, MO-IL",87.63,80%,07/01/2017,06/30/2018,,2.28841,80%,04/01/2015,03/31/2018,,N,07/01/2017,06/30/2018,
260179,ST LUKES HOSPITAL,41180,"St. Louis, MO-IL",88.44,90%,07/01/2017,06/30/2018,,2.04725,90%,04/01/2015,03/31/2018,,Y,07/01/2017,06/30/2018,
260193,ST MARY'S MEDICAL CENTER,28140,"Kansas City, MO-KS",86.06,60%,07/01/2017,06/30/2018,,2.74525,40%,04/01/2015,03/31/2018,,N,07/01/2017,06/30/2018,
280127,LINCOLN SURGICAL HOSPITAL,30700,"Lincoln, NE",92.56,100%,07/01/2017,06/30/2018,,2.25097,80%,04/01/2015,03/31/2018,,Y,07/01/2017,06/30/2018,
310001,HACKENSACK UNIVERSITY MEDICAL CENTER,35620,"New York-Newark-Jersey City, NY-NJ-PA",84.44,30%,07/01/2017,06/30/2018,,2.1067,90%,04/01/2015,03/31/2018,,N,07/01/2017,06/30/2018,
310002,NEWARK BETH ISRAEL MEDICAL CENTER,35620,"New York-Newark-Jersey City, NY-NJ-PA",84.06,30%,07/01/2017,06/30/2018,,2.57906,50%,04/01/2015,03/31/2018,,N,07/01/2017,06/30/2018,
310003,HACKENSACK UMC PALISADES,35620,"New York-Newark-Jersey City, NY-NJ-PA",82.06,10%,07/01/2017,06/30/2018,,2.36165,70%,04/01/2015,03/31/2018,,Y,07/01/2017,06/30/2018,
310005,HUNTERDON MEDICAL CENTER,35620,"New York-Newark-Jersey City, NY-NJ-PA",85.31,40%,07/01/2017,06/30/2018,,2.23361,80%,04/01/2015,03/31/2018,,N,07/01/2017,06/30/2018,**
310006,ST MARY'S GENERAL HOSPITAL,35620,"New York-Newark-Jersey City, NY-NJ-PA",79.81,10%,07/01/2017,06/30/2018,,2.29213,80%,04/01/2015,03/31/2018,,N,07/01/2017,06/30/2018,
310008,HOLY NAME MEDICAL CENTER,35620,"New York-Newark-Jersey City, NY-NJ-PA",85.44,50%,07/01/2017,06/30/2018,,2.74994,40%,04/01/2015,03/31/2018,,N,07/01/2017,06/30/2018,
310009,CLARA MAASS MEDICAL CENTER,35620,"New York-Newark-Jersey City, NY-NJ-PA",83.44,20%,07/01/2017,06/30/2018,,1.96495,100%,04/01/2015,03/31/2018,,N,07/01/2017,06/30/2018,
310010,UNIVERSITY MEDICAL CENTER OF PRINCETON AT PLAINSBORO,35620,"New York-Newark-Jersey City, NY-NJ-PA",87.38,80%,07/01/2017,06/30/2018,,2.16857,90%,04/01/2015,03/31/2018,,Y,07/01/2017,06/30/2018,
310012,VALLEY HOSPITAL,35620,"New York-Newark-Jersey City, NY-NJ-PA",85.63,50%,07/01/2017,06/30/2018,,2.12171,90%,04/01/2015,03/31/2018,,N,07/01/2017,06/30/2018,**
310015,MORRISTOWN MEDICAL CENTER,35620,"New York-Newark-Jersey City, NY-NJ-PA",85.19,40%,07/01/2017,06/30/2018,,1.83115,100%,04/01/2015,03/31/2018,,Y,07/01/2017,06/30/2018,
310016,CAREPOINT HEALTH-CHRIST HOSPITAL,35620,"New York-Newark-Jersey City, NY-NJ-PA",82.31,10%,07/01/2017,06/30/2018,,N/A,N/A,04/01/2015,03/31/2018,1,N,07/01/2017,06/30/2018,
310017,CHILTON MEDICAL CENTER,35620,"New York-Newark-Jersey City, NY-NJ-PA",85.31,40%,07/01/2017,06/30/2018,,2.4355,60%,04/01/2015,03/31/2018,,Y,07/01/2017,06/30/2018,
310019,ST JOSEPH'S REGIONAL MEDICAL CENTER,35620,"New York-Newark-Jersey City, NY-NJ-PA",81.63,10%,07/01/2017,06/30/2018,,2.21624,80%,04/01/2015,03/31/2018,,N,07/01/2017,06/30/2018,**
310024,ROBERT WOOD JOHNSON UNIVERSITY HOSPITAL AT RAHWAY,35620,"New York-Newark-Jersey City, NY-NJ-PA",85.50,50%,07/01/2017,06/30/2018,,2.01912,90%,04/01/2015,03/31/2018,,N,07/01/2017,06/30/2018,
310025,CAREPOINT HEALTH - BAYONNE MEDICAL CENTER,35620,"New York-Newark-Jersey City, NY-NJ-PA",81.25,10%,07/01/2017,06/30/2018,,N/A,N/A,04/01/2015,03/31/2018,1,N,07/01/2017,06/30/2018,
310027,TRINITAS REGIONAL MEDICAL CENTER,35620,"New York-Newark-Jersey City, NY-NJ-PA",79.44,10%,07/01/2017,06/30/2018,,3.33606,10%,04/01/2015,03/31/2018,,N,07/01/2017,06/30/2018,*
310028,NEWTON MEDICAL CENTER,35620,"New York-Newark-Jersey City, NY-NJ-PA",85.56,50%,07/01/2017,06/30/2018,,3.12835,20%,04/01/2015,03/31/2018,,Y,07/01/2017,06/30/2018,
310034,RIVERVIEW MEDICAL CENTER,35620,"New York-Newark-Jersey City, NY-NJ-PA",83.69,20%,07/01/2017,06/30/2018,,2.10207,90%,04/01/2015,03/31/2018,,N,07/01/2017,06/30/2018,
310038,ROBERT WOOD JOHNSON UNIVERSITY HOSPITAL,35620,"New York-Newark-Jersey City, NY-NJ-PA",84.56,30%,07/01/2017,06/30/2018,,2.36111,70%,04/01/2015,03/31/2018,,N,07/01/2017,06/30/2018,
310039,RARITAN BAY MEDICAL CENTER PERTH AMBOY DIVISION,35620,"New York-Newark-Jersey City, NY-NJ-PA",83.06,20%,07/01/2017,06/30/2018,,2.88428,30%,04/01/2015,03/31/2018,,N,07/01/2017,06/30/2018,*
310040,CAREPOINT HEALTH-HOBOKEN UNIVERSITY MEDICAL CENTER,35620,"New York-Newark-Jersey City, NY-NJ-PA",83.06,20%,07/01/2017,06/30/2018,,3.41501,10%,04/01/2015,03/31/2018,,N,07/01/2017,06/30/2018,*
310041,COMMUNITY MEDICAL CENTER,35620,"New York-Newark-Jersey City, NY-NJ-PA",83.13,20%,07/01/2017,06/30/2018,,1.93982,100%,04/01/2015,03/31/2018,,N,07/01/2017,06/30/2018,
310045,ENGLEWOOD HOSPITAL AND MEDICAL CENTER,35620,"New York-Newark-Jersey City, NY-NJ-PA",83.25,20%,07/01/2017,06/30/2018,,3.43221,10%,04/01/2015,03/31/2018,,Y,07/01/2017,06/30/2018,*
310048,ROBERT WOOD JOHNSON UNIVERSITY HOSPITAL SOMERSET,35620,"New York-Newark-Jersey City, NY-NJ-PA",84.13,30%,07/01/2017,06/30/2018,,3.73724,10%,04/01/2015,03/31/2018,,N,07/01/2017,06/30/2018,*
310050,SAINT CLARE'S HOSPITAL,35620,"New York-Newark-Jersey City, NY-NJ-PA",84.81,40%,07/01/2017,06/30/2018,,2.89876,30%,04/01/2015,03/31/2018,,N,07/01/2017,06/30/2018,
310051,OVERLOOK MEDICAL CENTER,35620,"New York-Newark-Jersey City, NY-NJ-PA",83.81,20%,07/01/2017,06/30/2018,,2.47884,60%,04/01/2015,03/31/2018,,Y,07/01/2017,06/30/2018,
310052,OCEAN MEDICAL CENTER,35620,"New York-Newark-Jersey City, NY-NJ-PA",84.81,40%,07/01/2017,06/30/2018,,2.07052,90%,04/01/2015,03/31/2018,,Y,07/01/2017,06/30/2018,
310054,HACKENSACK-UMC MOUNTAINSIDE,35620,"New York-Newark-Jersey City, NY-NJ-PA",82.50,20%,07/01/2017,06/30/2018,,2.57788,50%,04/01/2015,03/31/2018,,N,07/01/2017,06/30/2018,**
310070,SAINT PETER'S UNIVERSITY HOSPITAL,35620,"New York-Newark-Jersey City, NY-NJ-PA",88.31,90%,07/01/2017,06/30/2018,,2.37547,70%,04/01/2015,03/31/2018,,N,07/01/2017,06/30/2018,
310073,JERSEY SHORE UNIVERSITY MEDICAL CENTER,35620,"New York-Newark-Jersey City, NY-NJ-PA",82.88,20%,07/01/2017,06/30/2018,,1.87012,100%,04/01/2015,03/31/2018,,N,07/01/2017,06/30/2018,
310074,JERSEY CITY MEDICAL CENTER,35620,"New York-Newark-Jersey City, NY-NJ-PA",83.88,20%,07/01/2017,06/30/2018,,1.91834,100%,04/01/2015,03/31/2018,,N,07/01/2017,06/30/2018,**
310075,MONMOUTH MEDICAL CENTER,35620,"New York-Newark-Jersey City, NY-NJ-PA",87.25,70%,07/01/2017,06/30/2018,,2.16971,90%,04/01/2015,03/31/2018,,N,07/01/2017,06/30/2018,
310076,SAINT BARNABAS MEDICAL CENTER,35620,"New York-Newark-Jersey City, NY-NJ-PA",86.31,60%,07/01/2017,06/30/2018,,3.07527,20%,04/01/2015,03/31/2018,,N,07/01/2017,06/30/2018,
310083,EAST ORANGE GENERAL HOSPITAL,35620,"New York-Newark-Jersey City, NY-NJ-PA",74.50,10%,07/01/2017,06/30/2018,,N/A,N/A,04/01/2015,03/31/2018,1,N,07/01/2017,06/30/2018,
310084,MONMOUTH MEDICAL CENTER-SOUTHERN CAMPUS,35620,"New York-Newark-Jersey City, NY-NJ-PA",86.63,70%,07/01/2017,06/30/2018,,N/A,N/A,04/01/2015,03/31/2018,1,N,07/01/2017,06/30/2018,
310096,"SAINT MICHAEL'S MEDICAL CENTER, INC",35620,"New York-Newark-Jersey City, NY-NJ-PA",82.38,10%,07/01/2017,06/30/2018,,N/A,N/A,04/01/2015,03/31/2018,1,N,07/01/2017,06/30/2018,
310108,JFK MEDICAL CTR - ANTHONY M. YELENCSICS COMMUNITY,35620,"New York-Newark-Jersey City, NY-NJ-PA",81.75,10%,07/01/2017,06/30/2018,,1.9967,90%,04/01/2015,03/31/2018,,N,07/01/2017,06/30/2018,
310111,CENTRASTATE MEDICAL CENTER,35620,"New York-Newark-Jersey City, NY-NJ-PA",84.44,30%,07/01/2017,06/30/2018,,2.71153,40%,04/01/2015,03/31/2018,,N,07/01/2017,06/30/2018,
310112,BAYSHORE COMMUNITY HOSPITAL,35620,"New York-Newark-Jersey City, NY-NJ-PA",83.19,20%,07/01/2017,06/30/2018,,3.22922,20%,04/01/2015,03/31/2018,,N,07/01/2017,06/30/2018,*
310113,SOUTHERN OCEAN MEDICAL CENTER,35620,"New York-Newark-Jersey City, NY-NJ-PA",83.63,20%,07/01/2017,06/30/2018,,2.61228,50%,04/01/2015,03/31/2018,,Y,07/01/2017,06/30/2018,
310118,MEADOWLANDS HOSPITAL MEDICAL CENTER,35620,"New York-Newark-Jersey City, NY-NJ-PA",82.75,20%,07/01/2017,06/30/2018,,N/A,N/A,04/01/2015,03/31/2018,1,N,07/01/2017,06/30/2018,
310119,UNIVERSITY HOSPITAL,35620,"New York-Newark-Jersey City, NY-NJ-PA",79.63,10%,07/01/2017,06/30/2018,,N/A,N/A,04/01/2015,03/31/2018,1,N,07/01/2017,06/30/2018,
310130,HACKENSACK-UMC AT PASCACK VALLEY,35620,"New York-Newark-Jersey City, NY-NJ-PA",85.25,40%,07/01/2017,06/30/2018,,3.21557,20%,04/01/2015,03/31/2018,,N,07/01/2017,06/30/2018,*
320021,PRESBYTERIAN HOSPITAL,10740,"Albuquerque, NM",85.50,50%,07/01/2017,06/30/2018,,2.5608,50%,04/01/2015,03/31/2018,,Y,07/01/2017,06/30/2018,
330006,ST JOSEPH'S MEDICAL CENTER,35620,"New York-Newark-Jersey City, NY-NJ-PA",83.25,20%,07/01/2017,06/30/2018,,2.69055,40%,04/01/2015,03/31/2018,,N,07/01/2017,06/30/2018,
330009,BRONX-LEBANON HOSPITAL CENTER,35620,"New York-Newark-Jersey City, NY-NJ-PA",79.94,10%,07/01/2017,06/30/2018,,N/A,N/A,04/01/2015,03/31/2018,1,N,07/01/2017,06/30/2018,
330014,JAMAICA HOSPITAL MEDICAL CENTER,35620,"New York-Newark-Jersey City, NY-NJ-PA",80.75,10%,07/01/2017,06/30/2018,,N/A,N/A,04/01/2015,03/31/2018,1,N,07/01/2017,06/30/2018,
330019,"NEW YORK COMMUNITY HOSPITAL OF BROOKLYN, INC.",35620,"New York-Newark-Jersey City, NY-NJ-PA",82.63,20%,07/01/2017,06/30/2018,,N/A,N/A,04/01/2015,03/31/2018,1,N,07/01/2017,06/30/2018,
330023,VASSAR BROTHERS MEDICAL CENTER,35620,"New York-Newark-Jersey City, NY-NJ-PA",83.19,20%,07/01/2017,06/30/2018,,3.01403,20%,04/01/2015,03/31/2018,,N,07/01/2017,06/30/2018,*
330024,MOUNT SINAI HOSPITAL,35620,"New York-Newark-Jersey City, NY-NJ-PA",83.00,20%,07/01/2017,06/30/2018,,3.31967,10%,04/01/2015,03/31/2018,,N,07/01/2017,06/30/2018,*
330027,NASSAU UNIVERSITY MEDICAL CENTER,35620,"New York-Newark-Jersey City, NY-NJ-PA",77.31,10%,07/01/2017,06/30/2018,,N/A,N/A,04/01/2015,03/31/2018,1,N,07/01/2017,06/30/2018,
330028,RICHMOND UNIVERSITY MEDICAL CENTER,35620,"New York-Newark-Jersey City, NY-NJ-PA",77.94,10%,07/01/2017,06/30/2018,,2.74166,40%,04/01/2015,03/31/2018,,N,07/01/2017,06/30/2018,
330043,SOUTHSIDE HOSPITAL,35620,"New York-Newark-Jersey City, NY-NJ-PA",82.81,20%,07/01/2017,06/30/2018,,2.3422,70%,04/01/2015,03/31/2018,,N,07/01/2017,06/30/2018,
330045,HUNTINGTON HOSPITAL,35620,"New York-Newark-Jersey City, NY-NJ-PA",85.13,40%,07/01/2017,06/30/2018,,2.08746,90%,04/01/2015,03/31/2018,,N,07/01/2017,06/30/2018,**
330049,NORTHERN DUTCHESS HOSPITAL,35620,"New York-Newark-Jersey City, NY-NJ-PA",88.13,90%,07/01/2017,06/30/2018,,1.80815,100%,04/01/2015,03/31/2018,,N,07/01/2017,06/30/2018,
330056,BROOKLYN HOSPITAL CENTER AT DOWNTOWN CAMPUS,35620,"New York-Newark-Jersey City, NY-NJ-PA",77.13,10%,07/01/2017,06/30/2018,,2.51734,60%,04/01/2015,03/31/2018,,N,07/01/2017,06/30/2018,
330061,LAWRENCE HOSPITAL CENTER,35620,"New York-Newark-Jersey City, NY-NJ-PA",N/A,N/A,07/01/2017,06/30/2018,***,2.80272,30%,04/01/2015,03/31/2018,,N,07/01/2017,06/30/2018,
330078,SISTERS OF CHARITY HOSPITAL,15380,"Buffalo-Cheektowaga-Niagara Falls, NY",85.56,50%,07/01/2017,06/30/2018,,2.23861,80%,04/01/2015,03/31/2018,,N,07/01/2017,06/30/2018,
330088,EASTERN LONG ISLAND HOSPITAL,35620,"New York-Newark-Jersey City, NY-NJ-PA",85.25,40%,07/01/2017,06/30/2018,,N/A,N/A,04/01/2015,03/31/2018,1,N,07/01/2017,06/30/2018,
330101,NEW YORK-PRESBYTERIAN HOSPITAL,35620,"New York-Newark-Jersey City, NY-NJ-PA",85.13,40%,07/01/2017,06/30/2018,,2.65765,40%,04/01/2015,03/31/2018,,N,07/01/2017,06/30/2018,
330102,KENMORE MERCY HOSPITAL,15380,"Buffalo-Cheektowaga-Niagara Falls, NY",85.88,50%,07/01/2017,06/30/2018,,1.97439,100%,04/01/2015,03/31/2018,,N,07/01/2017,06/30/2018,
330104,NYACK HOSPITAL,35620,"New York-Newark-Jersey City, NY-NJ-PA",78.88,10%,07/01/2017,06/30/2018,,2.279,80%,04/01/2015,03/31/2018,,N,07/01/2017,06/30/2018,
330106,NORTH SHORE UNIVERSITY HOSPITAL,35620,"New York-Newark-Jersey City, NY-NJ-PA",85.56,50%,07/01/2017,06/30/2018,,2.56074,50%,04/01/2015,03/31/2018,,N,07/01/2017,06/30/2018,
330107,PECONIC BAY MEDICAL CENTER,35620,"New York-Newark-Jersey City, NY-NJ-PA",84.25,30%,07/01/2017,06/30/2018,,2.06459,90%,04/01/2015,03/31/2018,,N,07/01/2017,06/30/2018,
330126,ORANGE REGIONAL MEDICAL CENTER,35620,"New York-Newark-Jersey City, NY-NJ-PA",85.25,40%,07/01/2017,06/30/2018,,2.33794,70%,04/01/2015,03/31/2018,,N,07/01/2017,06/30/2018,
330127,JACOBI MEDICAL CENTER,35620,"New York-Newark-Jersey City, NY-NJ-PA",78.94,10%,07/01/2017,06/30/2018,,N/A,N/A,04/01/2015,03/31/2018,1,N,07/01/2017,06/30/2018,
330128,ELMHURST HOSPITAL CENTER,35620,"New York-Newark-Jersey City, NY-NJ-PA",79.63,10%,07/01/2017,06/30/2018,,N/A,N/A,04/01/2015,03/31/2018,1,N,07/01/2017,06/30/2018,
330141,BROOKHAVEN MEMORIAL HOSPITAL MEDICAL CENTER,35620,"New York-Newark-Jersey City, NY-NJ-PA",79.31,10%,07/01/2017,06/30/2018,,2.69674,40%,04/01/2015,03/31/2018,,N,07/01/2017,06/30/2018,
330158,GOOD SAMARITAN HOSPITAL OF SUFFERN,35620,"New York-Newark-Jersey City, NY-NJ-PA",82.56,20%,07/01/2017,06/30/2018,,2.24475,80%,04/01/2015,03/31/2018,,N,07/01/2017,06/30/2018,
330160,STATEN ISLAND UNIVERSITY HOSPITAL,35620,"New York-Newark-Jersey City, NY-NJ-PA",80.63,10%,07/01/2017,06/30/2018,,3.4588,10%,04/01/2015,03/31/2018,,N,07/01/2017,06/30/2018,*
330162,NORTHERN WESTCHESTER HOSPITAL,35620,"New York-Newark-Jersey City, NY-NJ-PA",88.50,90%,07/01/2017,06/30/2018,,3.14478,20%,04/01/2015,03/31/2018,,N,07/01/2017,06/30/2018,
330167,WINTHROP-UNIVERSITY HOSPITAL,35620,"New York-Newark-Jersey City, NY-NJ-PA",83.81,20%,07/01/2017,06/30/2018,,1.98848,90%,04/01/2015,03/31/2018,,N,07/01/2017,06/30/2018,**
330181,GLEN COVE HOSPITAL,35620,"New York-Newark-Jersey City, NY-NJ-PA",83.75,20%,07/01/2017,06/30/2018,,N/A,N/A,04/01/2015,03/31/2018,7,N,07/01/2017,06/30/2018,
330182,"ST FRANCIS HOSPITAL, ROSLYN",35620,"New York-Newark-Jersey City, NY-NJ-PA",88.06,90%,07/01/2017,06/30/2018,,2.20834,80%,04/01/2015,03/31/2018,,Y,07/01/2017,06/30/2018,
330185,JOHN T MATHER MEMORIAL HOSPITAL  OF PORT JEFFERSON,35620,"New York-Newark-Jersey City, NY-NJ-PA",87.38,80%,07/01/2017,06/30/2018,,2.71502,40%,04/01/2015,03/31/2018,,N,07/01/2017,06/30/2018,
330188,MOUNT ST MARY'S HOSPITAL AND  HEALTH CENTER,15380,"Buffalo-Cheektowaga-Niagara Falls, NY",84.31,30%,07/01/2017,06/30/2018,,2.42405,60%,04/01/2015,03/31/2018,,N,07/01/2017,06/30/2018,
330193,FLUSHING HOSPITAL MEDICAL CENTER,35620,"New York-Newark-Jersey City, NY-NJ-PA",79.81,10%,07/01/2017,06/30/2018,,2.38547,70%,04/01/2015,03/31/2018,,N,07/01/2017,06/30/2018,
330194,MAIMONIDES MEDICAL CENTER,35620,"New York-Newark-Jersey City, NY-NJ-PA",78.19,10%,07/01/2017,06/30/2018,,2.60177,50%,04/01/2015,03/31/2018,,N,07/01/2017,06/30/2018,
330195,LONG ISLAND JEWISH MEDICAL CENTER,35620,"New York-Newark-Jersey City, NY-NJ-PA",81.94,10%,07/01/2017,06/30/2018,,3.24436,20%,04/01/2015,03/31/2018,,N,07/01/2017,06/30/2018,*
330196,CONEY ISLAND HOSPITAL,35620,"New York-Newark-Jersey City, NY-NJ-PA",79.75,10%,07/01/2017,06/30/2018,,N/A,N/A,04/01/2015,03/31/2018,1,N,07/01/2017,06/30/2018,
330198,SOUTH NASSAU COMMUNITIES HOSPITAL,35620,"New York-Newark-Jersey City, NY-NJ-PA",83.00,20%,07/01/2017,06/30/2018,,1.75582,100%,04/01/2015,03/31/2018,,N,07/01/2017,06/30/2018,**
330201,KINGSBROOK JEWISH MEDICAL CENTER,35620,"New York-Newark-Jersey City, NY-NJ-PA",80.56,10%,07/01/2017,06/30/2018,,N/A,N/A,04/01/2015,03/31/2018,1,N,07/01/2017,06/30/2018,
330202,KINGS COUNTY HOSPITAL CENTER,35620,"New York-Newark-Jersey City, NY-NJ-PA",77.69,10%,07/01/2017,06/30/2018,,N/A,N/A,04/01/2015,03/31/2018,1,N,07/01/2017,06/30/2018,
330204,BELLEVUE HOSPITAL CENTER,35620,"New York-Newark-Jersey City, NY-NJ-PA",81.63,10%,07/01/2017,06/30/2018,,N/A,N/A,04/01/2015,03/31/2018,1,N,07/01/2017,06/30/2018,
330205,ST ANTHONY COMMUNITY HOSPITAL,35620,"New York-Newark-Jersey City, NY-NJ-PA",87.94,80%,07/01/2017,06/30/2018,,2.37387,70%,04/01/2015,03/31/2018,,N,07/01/2017,06/30/2018,**
330208,ST JOHN'S RIVERSIDE HOSPITAL,35620,"New York-Newark-Jersey City, NY-NJ-PA",85.50,50%,07/01/2017,06/30/2018,,3.76857,10%,04/01/2015,03/31/2018,,N,07/01/2017,06/30/2018,
330214,NYU HOSPITALS CENTER,35620,"New York-Newark-Jersey City, NY-NJ-PA",84.75,30%,07/01/2017,06/30/2018,,1.98738,90%,04/01/2015,03/31/2018,,N,07/01/2017,06/30/2018,
330221,WYCKOFF HEIGHTS MEDICAL CENTER,35620,"New York-Newark-Jersey City, NY-NJ-PA",76.50,10%,07/01/2017,06/30/2018,,N/A,N/A,04/01/2015,03/31/2018,1,N,07/01/2017,06/30/2018,
330234,WESTCHESTER MEDICAL CENTER,35620,"New York-Newark-Jersey City, NY-NJ-PA",77.88,10%,07/01/2017,06/30/2018,,2.28882,80%,04/01/2015,03/31/2018,,N,07/01/2017,06/30/2018,
330236,NEW YORK METHODIST HOSPITAL,35620,"New York-Newark-Jersey City, NY-NJ-PA",83.44,20%,07/01/2017,06/30/2018,,2.89839,30%,04/01/2015,03/31/2018,,Y,07/01/2017,06/30/2018,*
330246,ST CHARLES HOSPITAL,35620,"New York-Newark-Jersey City, NY-NJ-PA",86.31,60%,07/01/2017,06/30/2018,,2.52792,60%,04/01/2015,03/31/2018,,Y,07/01/2017,06/30/2018,
330259,MERCY MEDICAL CENTER,35620,"New York-Newark-Jersey City, NY-NJ-PA",79.88,10%,07/01/2017,06/30/2018,,2.863,30%,04/01/2015,03/31/2018,,Y,07/01/2017,06/30/2018,*
330261,PHELPS MEMORIAL HOSPITAL ASSOCIATION,35620,"New York-Newark-Jersey City, NY-NJ-PA",87.50,80%,07/01/2017,06/30/2018,,1.84891,100%,04/01/2015,03/31/2018,,N,07/01/2017,06/30/2018,
330264,ST LUKE'S CORNWALL HOSPITAL,35620,"New York-Newark-Jersey City, NY-NJ-PA",82.31,10%,07/01/2017,06/30/2018,,3.10639,20%,04/01/2015,03/31/2018,,N,07/01/2017,06/30/2018,*
330267,NEW YORK-PRESBYTERIAN/HUDSON VALLEY HOSPITAL,35620,"New York-Newark-Jersey City, NY-NJ-PA",87.88,80%,07/01/2017,06/30/2018,,2.29958,80%,04/01/2015,03/31/2018,,N,07/01/2017,06/30/2018,
330270,HOSPITAL FOR SPECIAL SURGERY,35620,"New York-Newark-Jersey City, NY-NJ-PA",90.25,100%,07/01/2017,06/30/2018,,1.80179,100%,04/01/2015,03/31/2018,,N,07/01/2017,06/30/2018,
330273,PUTNAM HOSPITAL CENTER,35620,"New York-Newark-Jersey City, NY-NJ-PA",87.94,80%,07/01/2017,06/30/2018,,2.59101,50%,04/01/2015,03/31/2018,,N,07/01/2017,06/30/2018,
330279,MERCY HOSPITAL OF BUFFALO,15380,"Buffalo-Cheektowaga-Niagara Falls, NY",83.69,20%,07/01/2017,06/30/2018,,2.13028,90%,04/01/2015,03/31/2018,,N,07/01/2017,06/30/2018,
330286,GOOD SAMARITAN HOSPITAL MEDICAL CENTER,35620,"New York-Newark-Jersey City, NY-NJ-PA",83.31,20%,07/01/2017,06/30/2018,,4.19363,10%,04/01/2015,03/31/2018,,Y,07/01/2017,06/30/2018,*
330331,PLAINVIEW HOSPITAL,35620,"New York-Newark-Jersey City, NY-NJ-PA",82.31,10%,07/01/2017,06/30/2018,,2.71849,40%,04/01/2015,03/31/2018,,N,07/01/2017,06/30/2018,
330332,ST JOSEPH HOSPITAL,35620,"New York-Newark-Jersey City, NY-NJ-PA",81.69,10%,07/01/2017,06/30/2018,,2.56625,50%,04/01/2015,03/31/2018,,N,07/01/2017,06/30/2018,
330350,UNIVERSITY HOSPITAL OF BROOKLYN ( DOWNSTATE ),35620,"New York-Newark-Jersey City, NY-NJ-PA",80.69,10%,07/01/2017,06/30/2018,,N/A,N/A,04/01/2015,03/31/2018,1,N,07/01/2017,06/30/2018,
330393,UNIVERSITY HOSPITAL ( STONY BROOK ),35620,"New York-Newark-Jersey City, NY-NJ-PA",83.44,20%,07/01/2017,06/30/2018,,2.18491,80%,04/01/2015,03/31/2018,,N,07/01/2017,06/30/2018,
330395,ST JOHN'S EPISCOPAL HOSPITAL AT SOUTH SHORE,35620,"New York-Newark-Jersey City, NY-NJ-PA",76.69,10%,07/01/2017,06/30/2018,,N/A,N/A,04/01/2015,03/31/2018,1,N,07/01/2017,06/30/2018,
330401,ST CATHERINE OF SIENA HOSPITAL,35620,"New York-Newark-Jersey City, NY-NJ-PA",81.56,10%,07/01/2017,06/30/2018,,2.69454,40%,04/01/2015,03/31/2018,,Y,07/01/2017,06/30/2018,
340002,MEMORIAL MISSION HOSPITAL AND ASHEVILLE SURGERY CENTER,11700,"Asheville, NC",87.19,70%,07/01/2017,06/30/2018,,1.49687,100%,04/01/2015,03/31/2018,,Y,07/01/2017,06/30/2018,
340017,MARGARET R PARDEE MEMORIAL HOSPITAL,11700,"Asheville, NC",87.75,80%,07/01/2017,06/30/2018,,2.53055,60%,04/01/2015,03/31/2018,,N,07/01/2017,06/30/2018,
340023,PARK RIDGE HEALTH,11700,"Asheville, NC",88.81,90%,07/01/2017,06/30/2018,,2.21104,80%,04/01/2015,03/31/2018,,N,07/01/2017,06/30/2018,
340039,IREDELL MEMORIAL HOSPITAL INC,16740,"Charlotte-Concord-Gastonia, NC-SC",84.69,30%,07/01/2017,06/30/2018,,3.38506,10%,04/01/2015,03/31/2018,,Y,07/01/2017,06/30/2018,*
340040,VIDANT MEDICAL CENTER,24780,"Greenville, NC",85.13,40%,07/01/2017,06/30/2018,,2.38981,70%,04/01/2015,03/31/2018,,N,07/01/2017,06/30/2018,
340144,DAVIS REGIONAL MEDICAL CENTER,16740,"Charlotte-Concord-Gastonia, NC-SC",84.94,40%,07/01/2017,06/30/2018,,3.06752,20%,04/01/2015,03/31/2018,,N,07/01/2017,06/30/2018,*
340184,HAYWOOD REGIONAL MEDICAL CENTER,11700,"Asheville, NC",86.19,60%,07/01/2017,06/30/2018,,1.97366,100%,04/01/2015,03/31/2018,,N,07/01/2017,06/30/2018,
360001,MERCY HOSPITAL ANDERSON,17140,"Cincinnati, OH-KY-IN",85.44,50%,07/01/2017,06/30/2018,,2.398,70%,04/01/2015,03/31/2018,,N,07/01/2017,06/30/2018,
360003,"UNIVERSITY OF CINCINNATI MEDICAL CENTER, LLC",17140,"Cincinnati, OH-KY-IN",82.88,20%,07/01/2017,06/30/2018,,3.10861,20%,04/01/2015,03/31/2018,,N,07/01/2017,06/30/2018,*
360016,"JEWISH HOSPITAL, LLC",17140,"Cincinnati, OH-KY-IN",86.94,70%,07/01/2017,06/30/2018,,2.20922,80%,04/01/2015,03/31/2018,,N,07/01/2017,06/30/2018,
360020,SUMMA HEALTH SYSTEM,10420,"Akron, OH",83.88,20%,07/01/2017,06/30/2018,,2.59682,50%,04/01/2015,03/31/2018,,N,07/01/2017,06/30/2018,
360027,AKRON GENERAL MEDICAL CENTER,10420,"Akron, OH",83.69,20%,07/01/2017,06/30/2018,,2.35414,70%,04/01/2015,03/31/2018,,N,07/01/2017,06/30/2018,
360046,MCCULLOUGH-HYDE MEMORIAL HOSPITAL,17140,"Cincinnati, OH-KY-IN",87.06,70%,07/01/2017,06/30/2018,,2.50496,60%,04/01/2015,03/31/2018,,N,07/01/2017,06/30/2018,
360048,UNIVERSITY OF TOLEDO MEDICAL CENTER,45780,"Toledo, OH",83.56,20%,07/01/2017,06/30/2018,,2.68342,40%,04/01/2015,03/31/2018,,N,07/01/2017,06/30/2018,
360056,MERCY HOSPITAL FAIRFIELD,17140,"Cincinnati, OH-KY-IN",87.38,80%,07/01/2017,06/30/2018,,2.28945,80%,04/01/2015,03/31/2018,,N,07/01/2017,06/30/2018,
360074,FLOWER HOSPITAL,45780,"Toledo, OH",86.13,60%,07/01/2017,06/30/2018,,2.37609,70%,04/01/2015,03/31/2018,,N,07/01/2017,06/30/2018,
360076,ATRIUM MEDICAL CENTER,17140,"Cincinnati, OH-KY-IN",84.38,30%,07/01/2017,06/30/2018,,2.00086,90%,04/01/2015,03/31/2018,,Y,07/01/2017,06/30/2018,
360078,ROBINSON MEMORIAL HOSPITAL,10420,"Akron, OH",85.19,40%,07/01/2017,06/30/2018,,2.55666,50%,04/01/2015,03/31/2018,,N,07/01/2017,06/30/2018,
360081,MERCY ST CHARLES HOSPITAL,45780,"Toledo, OH",84.94,40%,07/01/2017,06/30/2018,,2.21349,80%,04/01/2015,03/31/2018,,N,07/01/2017,06/30/2018,
360090,ST LUKE'S HOSPITAL,45780,"Toledo, OH",85.63,50%,07/01/2017,06/30/2018,,2.26241,80%,04/01/2015,03/31/2018,,N,07/01/2017,06/30/2018,
360112,MERCY ST VINCENT MEDICAL CENTER,45780,"Toledo, OH",84.88,40%,07/01/2017,06/30/2018,,2.85268,30%,04/01/2015,03/31/2018,,N,07/01/2017,06/30/2018,*
360132,FORT HAMILTON HUGHES MEMORIAL HOSPITAL,17140,"Cincinnati, OH-KY-IN",86.19,60%,07/01/2017,06/30/2018,,3.26515,10%,04/01/2015,03/31/2018,,N,07/01/2017,06/30/2018,
360134,GOOD SAMARITAN HOSPITAL,17140,"Cincinnati, OH-KY-IN",87.13,70%,07/01/2017,06/30/2018,,2.30158,80%,04/01/2015,03/31/2018,,N,07/01/2017,06/30/2018,
360150,SUMMA WESTERN RESERVE HOSPITAL,10420,"Akron, OH",89.00,90%,07/01/2017,06/30/2018,,3.14438,20%,04/01/2015,03/31/2018,,N,07/01/2017,06/30/2018,
360163,CHRIST HOSPITAL,17140,"Cincinnati, OH-KY-IN",88.31,90%,07/01/2017,06/30/2018,,2.03271,90%,04/01/2015,03/31/2018,,Y,07/01/2017,06/30/2018,
360179,BETHESDA NORTH,17140,"Cincinnati, OH-KY-IN",85.94,50%,07/01/2017,06/30/2018,,2.84485,30%,04/01/2015,03/31/2018,,N,07/01/2017,06/30/2018,
360234,MERCY HEALTH - WEST HOSPITAL,17140,"Cincinnati, OH-KY-IN",84.38,30%,07/01/2017,06/30/2018,,1.84723,100%,04/01/2015,03/31/2018,,N,07/01/2017,06/30/2018,
360236,MERCY HOSPITAL CLERMONT,17140,"Cincinnati, OH-KY-IN",86.94,70%,07/01/2017,06/30/2018,,3.41787,10%,04/01/2015,03/31/2018,,N,07/01/2017,06/30/2018,
360259,BAY PARK COMMUNITY HOSPITAL,45780,"Toledo, OH",87.31,80%,07/01/2017,06/30/2018,,2.13625,90%,04/01/2015,03/31/2018,,N,07/01/2017,06/30/2018,
360262,MERCY ST ANNE HOSPITAL,45780,"Toledo, OH",88.13,90%,07/01/2017,06/30/2018,,3.02611,20%,04/01/2015,03/31/2018,,N,07/01/2017,06/30/2018,
360351,CRYSTAL CLINIC ORTHOPAEDIC CENTER,10420,"Akron, OH",90.25,100%,07/01/2017,06/30/2018,,2.05611,90%,04/01/2015,03/31/2018,,N,07/01/2017,06/30/2018,
360354,"WEST CHESTER HOSPITAL, LLC",17140,"Cincinnati, OH-KY-IN",85.88,50%,07/01/2017,06/30/2018,,2.87876,30%,04/01/2015,03/31/2018,,N,07/01/2017,06/30/2018,
360362,TRIHEALTH EVENDALE HOSPITAL,17140,"Cincinnati, OH-KY-IN",91.94,100%,07/01/2017,06/30/2018,,2.28307,80%,04/01/2015,03/31/2018,,N,07/01/2017,06/30/2018,
370008,NORMAN REGIONAL HOSPITAL AUTHORITY,36420,"Oklahoma City, OK",85.69,50%,07/01/2017,06/30/2018,,2.86512,30%,04/01/2015,03/31/2018,,Y,07/01/2017,06/30/2018,
370013,"MERCY HOSPITAL OKLAHOMA CITY, INC",36420,"Oklahoma City, OK",86.00,50%,07/01/2017,06/30/2018,,2.76162,40%,04/01/2015,03/31/2018,,N,07/01/2017,06/30/2018,
370028,INTEGRIS BAPTIST MEDICAL CENTER,36420,"Oklahoma City, OK",86.75,70%,07/01/2017,06/30/2018,,3.02172,20%,04/01/2015,03/31/2018,,N,07/01/2017,06/30/2018,
370032,ALLIANCEHEALTH DEACONESS,36420,"Oklahoma City, OK",83.94,30%,07/01/2017,06/30/2018,,2.79684,30%,04/01/2015,03/31/2018,,N,07/01/2017,06/30/2018,*
370037,ST ANTHONY HOSPITAL,36420,"Oklahoma City, OK",86.69,70%,07/01/2017,06/30/2018,,2.26158,80%,04/01/2015,03/31/2018,,N,07/01/2017,06/30/2018,
370093,O U MEDICAL CENTER,36420,"Oklahoma City, OK",83.88,20%,07/01/2017,06/30/2018,,2.47829,60%,04/01/2015,03/31/2018,,N,07/01/2017,06/30/2018,
370094,ALLIANCEHEALTH MIDWEST,36420,"Oklahoma City, OK",81.63,10%,07/01/2017,06/30/2018,,2.6846,40%,04/01/2015,03/31/2018,,N,07/01/2017,06/30/2018,
370106,INTEGRIS SOUTHWEST MEDICAL CENTER,36420,"Oklahoma City, OK",83.13,20%,07/01/2017,06/30/2018,,4.20914,10%,04/01/2015,03/31/2018,,N,07/01/2017,06/30/2018,*
370192,NORTHWEST SURGICAL HOSPITAL,36420,"Oklahoma City, OK",N/A,N/A,07/01/2017,06/30/2018,***,2.39117,70%,04/01/2015,03/31/2018,,N,07/01/2017,06/30/2018,
370201,"SURGICAL HOSPITAL OF OKLAHOMA, LLC",36420,"Oklahoma City, OK",N/A,N/A,07/01/2017,06/30/2018,***,N/A,N/A,04/01/2015,03/31/2018,1,N,07/01/2017,06/30/2018,
370203,"COMMUNITY HOSPITAL, LLC",36420,"Oklahoma City, OK",90.56,100%,07/01/2017,06/30/2018,,2.1711,90%,04/01/2015,03/31/2018,,N,07/01/2017,06/30/2018,
370211,INTEGRIS CANADIAN VALLEY  HOSPITAL,36420,"Oklahoma City, OK",87.06,70%,07/01/2017,06/30/2018,,2.64795,50%,04/01/2015,03/31/2018,,N,07/01/2017,06/30/2018,
370212,OKLAHOMA CENTER FOR ORTHOPAEDIC & MULTI-SPECIALTY SURGERY,36420,"Oklahoma City, OK",93.19,100%,07/01/2017,06/30/2018,,2.54508,50%,04/01/2015,03/31/2018,,Y,07/01/2017,06/30/2018,
370220,ONECORE HEALTH,36420,"Oklahoma City, OK",N/A,N/A,07/01/2017,06/30/2018,***,2.91956,30%,04/01/2015,03/31/2018,,N,07/01/2017,06/30/2018,
370222,MCBRIDE ORTHOPEDIC HOSPITAL,36420,"Oklahoma City, OK",90.69,100%,07/01/2017,06/30/2018,,3.20058,20%,04/01/2015,03/31/2018,,N,07/01/2017,06/30/2018,
370225,SUMMIT MEDICAL CENTER,36420,"Oklahoma City, OK",N/A,N/A,07/01/2017,06/30/2018,***,N/A,N/A,04/01/2015,03/31/2018,1,N,07/01/2017,06/30/2018,
370236,INTEGRIS HEALTH EDMOND,36420,"Oklahoma City, OK",88.38,90%,07/01/2017,06/30/2018,,4.11111,10%,04/01/2015,03/31/2018,,N,07/01/2017,06/30/2018,
380004,PROVIDENCE ST VINCENT MEDICAL CENTER,38900,"Portland-Vancouver-Hillsboro, OR-WA",87.25,70%,07/01/2017,06/30/2018,,2.831,30%,04/01/2015,03/31/2018,,N,07/01/2017,06/30/2018,
380009,OHSU HOSPITAL AND CLINICS,38900,"Portland-Vancouver-Hillsboro, OR-WA",88.50,90%,07/01/2017,06/30/2018,,1.71215,100%,04/01/2015,03/31/2018,,N,07/01/2017,06/30/2018,
380017,LEGACY GOOD SAMARITAN MEDICAL CENTER,38900,"Portland-Vancouver-Hillsboro, OR-WA",88.44,90%,07/01/2017,06/30/2018,,2.47519,60%,04/01/2015,03/31/2018,,N,07/01/2017,06/30/2018,
380021,TUALITY COMMUNITY HOSPITAL,38900,"Portland-Vancouver-Hillsboro, OR-WA",84.19,30%,07/01/2017,06/30/2018,,2.55428,50%,04/01/2015,03/31/2018,,N,07/01/2017,06/30/2018,
380025,LEGACY MOUNT HOOD MEDICAL CENTER,38900,"Portland-Vancouver-Hillsboro, OR-WA",87.25,70%,07/01/2017,06/30/2018,,3.03044,20%,04/01/2015,03/31/2018,,N,07/01/2017,06/30/2018,
380037,PROVIDENCE NEWBERG MEDICAL CENTER,38900,"Portland-Vancouver-Hillsboro, OR-WA",87.38,80%,07/01/2017,06/30/2018,,2.54104,50%,04/01/2015,03/31/2018,,N,07/01/2017,06/30/2018,
380038,PROVIDENCE WILLAMETTE FALLS MEDICAL CENTER,38900,"Portland-Vancouver-Hillsboro, OR-WA",88.19,90%,07/01/2017,06/30/2018,,2.14002,90%,04/01/2015,03/31/2018,,N,07/01/2017,06/30/2018,
380060,ADVENTIST MEDICAL CENTER,38900,"Portland-Vancouver-Hillsboro, OR-WA",87.13,70%,07/01/2017,06/30/2018,,2.54266,50%,04/01/2015,03/31/2018,,N,07/01/2017,06/30/2018,
380061,PROVIDENCE PORTLAND MEDICAL CENTER,38900,"Portland-Vancouver-Hillsboro, OR-WA",87.75,80%,07/01/2017,06/30/2018,,1.87013,100%,04/01/2015,03/31/2018,,N,07/01/2017,06/30/2018,
380082,PROVIDENCE MILWAUKIE HOSPITAL,38900,"Portland-Vancouver-Hillsboro, OR-WA",87.25,70%,07/01/2017,06/30/2018,,3.50765,10%,04/01/2015,03/31/2018,,N,07/01/2017,06/30/2018,
380089,LEGACY MERIDIAN PARK MEDICAL CENTER,38900,"Portland-Vancouver-Hillsboro, OR-WA",87.81,80%,07/01/2017,06/30/2018,,2.82494,30%,04/01/2015,03/31/2018,,Y,07/01/2017,06/30/2018,
390002,UPMC MCKEESPORT,38300,"Pittsburgh, PA",84.44,30%,07/01/2017,06/30/2018,,N/A,N/A,04/01/2015,03/31/2018,1,N,07/01/2017,06/30/2018,
390004,HOLY SPIRIT HOSPITAL,25420,"Harrisburg-Carlisle, PA",84.00,30%,07/01/2017,06/30/2018,,2.97413,20%,04/01/2015,03/31/2018,,N,07/01/2017,06/30/2018,*
390028,UPMC MERCY,38300,"Pittsburgh, PA",84.13,30%,07/01/2017,06/30/2018,,2.4773,60%,04/01/2015,03/31/2018,,N,07/01/2017,06/30/2018,
390032,ALLEGHENY VALLEY HOSPITAL,38300,"Pittsburgh, PA",84.25,30%,07/01/2017,06/30/2018,,2.0822,90%,04/01/2015,03/31/2018,,N,07/01/2017,06/30/2018,
390036,HERITAGE VALLEY BEAVER,38300,"Pittsburgh, PA",84.00,30%,07/01/2017,06/30/2018,,3.25089,10%,04/01/2015,03/31/2018,,N,07/01/2017,06/30/2018,*
390037,HERITAGE VALLEY SEWICKLEY,38300,"Pittsburgh, PA",86.38,60%,07/01/2017,06/30/2018,,2.75631,40%,04/01/2015,03/31/2018,,N,07/01/2017,06/30/2018,
390041,UNIONTOWN HOSPITAL,38300,"Pittsburgh, PA",86.31,60%,07/01/2017,06/30/2018,,3.20527,20%,04/01/2015,03/31/2018,,N,07/01/2017,06/30/2018,
390042,"WASHINGTON HOSPITAL, THE",38300,"Pittsburgh, PA",87.31,80%,07/01/2017,06/30/2018,,2.1995,80%,04/01/2015,03/31/2018,,N,07/01/2017,06/30/2018,
390044,READING HOSPITAL,39740,"Reading, PA",86.25,60%,07/01/2017,06/30/2018,,1.77581,100%,04/01/2015,03/31/2018,,N,07/01/2017,06/30/2018,
390050,ALLEGHENY GENERAL HOSPITAL,38300,"Pittsburgh, PA",82.19,10%,07/01/2017,06/30/2018,,2.76197,40%,04/01/2015,03/31/2018,,N,07/01/2017,06/30/2018,
390058,CARLISLE REGIONAL MEDICAL CENTER,25420,"Harrisburg-Carlisle, PA",85.56,50%,07/01/2017,06/30/2018,,2.57935,50%,04/01/2015,03/31/2018,,N,07/01/2017,06/30/2018,
390067,PINNACLE HEALTH HOSPITALS,25420,"Harrisburg-Carlisle, PA",86.50,60%,07/01/2017,06/30/2018,,3.10726,20%,04/01/2015,03/31/2018,,N,07/01/2017,06/30/2018,
390090,WESTERN PENNSYLVANIA HOSPITAL,38300,"Pittsburgh, PA",86.63,70%,07/01/2017,06/30/2018,,2.6951,40%,04/01/2015,03/31/2018,,N,07/01/2017,06/30/2018,
390102,UPMC ST MARGARET,38300,"Pittsburgh, PA",85.31,40%,07/01/2017,06/30/2018,,2.33306,70%,04/01/2015,03/31/2018,,N,07/01/2017,06/30/2018,
390107,UPMC PASSAVANT,38300,"Pittsburgh, PA",86.56,60%,07/01/2017,06/30/2018,,2.55158,50%,04/01/2015,03/31/2018,,N,07/01/2017,06/30/2018,
390114,MAGEE WOMENS HOSPITAL OF UPMC HEALTH SYSTEM,38300,"Pittsburgh, PA",87.19,70%,07/01/2017,06/30/2018,,2.85114,30%,04/01/2015,03/31/2018,,Y,07/01/2017,06/30/2018,
390145,EXCELA HEALTH WESTMORELAND HOSPITAL,38300,"Pittsburgh, PA",84.75,30%,07/01/2017,06/30/2018,,2.06013,90%,04/01/2015,03/31/2018,,Y,07/01/2017,06/30/2018,
390147,MONONGAHELA VALLEY HOSPITAL,38300,"Pittsburgh, PA",89.06,90%,07/01/2017,06/30/2018,,3.1339,20%,04/01/2015,03/31/2018,,N,07/01/2017,06/30/2018,
390157,OHIO VALLEY GENERAL HOSPITAL,38300,"Pittsburgh, PA",82.31,10%,07/01/2017,06/30/2018,,2.60946,50%,04/01/2015,03/31/2018,,N,07/01/2017,06/30/2018,
390160,CANONSBURG GENERAL HOSPITAL,38300,"Pittsburgh, PA",87.75,80%,07/01/2017,06/30/2018,,2.51641,60%,04/01/2015,03/31/2018,,N,07/01/2017,06/30/2018,
390164,UPMC PRESBYTERIAN SHADYSIDE,38300,"Pittsburgh, PA",85.88,50%,07/01/2017,06/30/2018,,2.61202,50%,04/01/2015,03/31/2018,,Y,07/01/2017,06/30/2018,
390219,EXCELA HEALTH LATROBE HOSPITAL,38300,"Pittsburgh, PA",88.63,90%,07/01/2017,06/30/2018,,2.75624,40%,04/01/2015,03/31/2018,,N,07/01/2017,06/30/2018,
390228,ST CLAIR HOSPITAL,38300,"Pittsburgh, PA",87.81,80%,07/01/2017,06/30/2018,,1.94982,100%,04/01/2015,03/31/2018,,N,07/01/2017,06/30/2018,
390256,MILTON S HERSHEY MEDICAL CENTER,25420,"Harrisburg-Carlisle, PA",86.13,60%,07/01/2017,06/30/2018,,2.11485,90%,04/01/2015,03/31/2018,,N,07/01/2017,06/30/2018,
390265,JEFFERSON REGIONAL MEDICAL CENTER,38300,"Pittsburgh, PA",85.63,50%,07/01/2017,06/30/2018,,1.89376,100%,04/01/2015,03/31/2018,,N,07/01/2017,06/30/2018,
390267,FORBES HOSPITAL,38300,"Pittsburgh, PA",82.69,20%,07/01/2017,06/30/2018,,2.75716,40%,04/01/2015,03/31/2018,,N,07/01/2017,06/30/2018,
390316,SURGICAL INSTITUTE OF READING,39740,"Reading, PA",93.69,100%,07/01/2017,06/30/2018,,2.81117,30%,04/01/2015,03/31/2018,,Y,07/01/2017,06/30/2018,
390323,ADVANCED SURGICAL HOSPITAL,38300,"Pittsburgh, PA",92.75,100%,07/01/2017,06/30/2018,,2.39173,70%,04/01/2015,03/31/2018,,Y,07/01/2017,06/30/2018,
390328,UPMC EAST,38300,"Pittsburgh, PA",86.06,60%,07/01/2017,06/30/2018,,2.49039,60%,04/01/2015,03/31/2018,,N,07/01/2017,06/30/2018,
420051,MCLEOD REGIONAL MEDICAL CENTER-PEE DEE,22500,"Florence, SC",87.81,80%,07/01/2017,06/30/2018,,3.1307,20%,04/01/2015,03/31/2018,,N,07/01/2017,06/30/2018,
420091,CAROLINAS HOSPITAL SYSTEM,22500,"Florence, SC",86.06,60%,07/01/2017,06/30/2018,,2.90336,30%,04/01/2015,03/31/2018,,N,07/01/2017,06/30/2018,
440048,BAPTIST MEMORIAL HOSPITAL,32820,"Memphis, TN-MS-AR",81.75,10%,07/01/2017,06/30/2018,,2.55431,50%,04/01/2015,03/31/2018,,N,07/01/2017,06/30/2018,
440049,METHODIST HEALTHCARE MEMPHIS HOSPITALS,32820,"Memphis, TN-MS-AR",86.38,60%,07/01/2017,06/30/2018,,1.94293,100%,04/01/2015,03/31/2018,,N,07/01/2017,06/30/2018,
440073,MAURY REGIONAL HOSPITAL,34980,"Nashville-Davidson--Murfreesboro--Franklin, TN",87.69,80%,07/01/2017,06/30/2018,,1.96709,100%,04/01/2015,03/31/2018,,N,07/01/2017,06/30/2018,
440150,TRISTAR SUMMIT MEDICAL CENTER,34980,"Nashville-Davidson--Murfreesboro--Franklin, TN",84.31,30%,07/01/2017,06/30/2018,,2.94992,30%,04/01/2015,03/31/2018,,N,07/01/2017,06/30/2018,*
440152,REGIONAL ONE HEALTH,32820,"Memphis, TN-MS-AR",83.19,20%,07/01/2017,06/30/2018,,3.02355,20%,04/01/2015,03/31/2018,,N,07/01/2017,06/30/2018,*
440159,DELTA MEDICAL CENTER,32820,"Memphis, TN-MS-AR",N/A,N/A,07/01/2017,06/30/2018,***,N/A,N/A,04/01/2015,03/31/2018,1,N,07/01/2017,06/30/2018,**
440161,TRISTAR CENTENNIAL MEDICAL CENTER,34980,"Nashville-Davidson--Murfreesboro--Franklin, TN",86.63,70%,07/01/2017,06/30/2018,,2.38134,70%,04/01/2015,03/31/2018,,N,07/01/2017,06/30/2018,
440183,ST FRANCIS HOSPITAL,32820,"Memphis, TN-MS-AR",84.19,30%,07/01/2017,06/30/2018,,2.2592,80%,04/01/2015,03/31/2018,,N,07/01/2017,06/30/2018,
440194,TRISTAR HENDERSONVILLE MEDICAL CENTER,34980,"Nashville-Davidson--Murfreesboro--Franklin, TN",84.88,40%,07/01/2017,06/30/2018,,2.35735,70%,04/01/2015,03/31/2018,,N,07/01/2017,06/30/2018,
440228,SAINT FRANCIS BARTLETT MEDICAL CENTER,32820,"Memphis, TN-MS-AR",86.81,70%,07/01/2017,06/30/2018,,2.81248,30%,04/01/2015,03/31/2018,,N,07/01/2017,06/30/2018,
450040,COVENANT MEDICAL CENTER,31180,"Lubbock, TX",86.31,60%,07/01/2017,06/30/2018,,2.91312,30%,04/01/2015,03/31/2018,,N,07/01/2017,06/30/2018,
450046,CHRISTUS SPOHN HOSPITAL CORPUS CHRISTI,18580,"Corpus Christi, TX",82.69,20%,07/01/2017,06/30/2018,,3.24388,20%,04/01/2015,03/31/2018,,N,07/01/2017,06/30/2018,*
450054,SCOTT & WHITE MEDICAL CENTER - TEMPLE,28660,"Killeen-Temple, TX",86.38,60%,07/01/2017,06/30/2018,,3.36357,10%,04/01/2015,03/31/2018,,Y,07/01/2017,06/30/2018,
450056,Seton Medical Center Austin,12420,"Austin-Round Rock, TX",85.94,50%,07/01/2017,06/30/2018,,1.84488,100%,04/01/2015,03/31/2018,,N,07/01/2017,06/30/2018,
450083,UT HEALTH EAST TEXAS - TYLER,46340,"Tyler, TX",84.69,30%,07/01/2017,06/30/2018,,2.67934,40%,04/01/2015,03/31/2018,,N,07/01/2017,06/30/2018,
450102,MOTHER FRANCES HOSPITAL,46340,"Tyler, TX",86.63,70%,07/01/2017,06/30/2018,,1.98736,90%,04/01/2015,03/31/2018,,Y,07/01/2017,06/30/2018,
450124,UNIVERSITY MEDICAL CENTER AT BRACKENRIDGE,12420,"Austin-Round Rock, TX",87.56,80%,07/01/2017,06/30/2018,,2.81978,30%,04/01/2015,03/31/2018,,N,07/01/2017,06/30/2018,
450152,METROPLEX HOSPITAL,28660,"Killeen-Temple, TX",83.19,20%,07/01/2017,06/30/2018,,2.63114,50%,04/01/2015,03/31/2018,,N,07/01/2017,06/30/2018,
450162,GRACE MEDICAL CENTER,31180,"Lubbock, TX",87.94,80%,07/01/2017,06/30/2018,,1.80541,100%,04/01/2015,03/31/2018,,N,07/01/2017,06/30/2018,
450272,CENTRAL TEXAS MEDICAL CENTER,12420,"Austin-Round Rock, TX",86.44,60%,07/01/2017,06/30/2018,,2.61575,50%,04/01/2015,03/31/2018,,N,07/01/2017,06/30/2018,
450431,ST DAVID'S MEDICAL CENTER,12420,"Austin-Round Rock, TX",87.94,80%,07/01/2017,06/30/2018,,2.0499,90%,04/01/2015,03/31/2018,,N,07/01/2017,06/30/2018,
450518,THE MEDICAL CENTER OF SOUTHEAST TEXAS,13140,"Beaumont-Port Arthur, TX",81.75,10%,07/01/2017,06/30/2018,,2.53878,50%,04/01/2015,03/31/2018,,N,07/01/2017,06/30/2018,
450686,UNIVERSITY MEDICAL CENTER,31180,"Lubbock, TX",87.63,80%,07/01/2017,06/30/2018,,2.4638,60%,04/01/2015,03/31/2018,,N,07/01/2017,06/30/2018,
450713,ST DAVID'S SOUTH AUSTIN MEDICAL CENTER,12420,"Austin-Round Rock, TX",87.25,70%,07/01/2017,06/30/2018,,2.61774,50%,04/01/2015,03/31/2018,,N,07/01/2017,06/30/2018,
450718,ROUND ROCK MEDICAL CENTER,12420,"Austin-Round Rock, TX",85.69,50%,07/01/2017,06/30/2018,,2.72245,40%,04/01/2015,03/31/2018,,N,07/01/2017,06/30/2018,
450788,"CORPUS CHRISTI MEDICAL CENTER,THE",18580,"Corpus Christi, TX",85.75,50%,07/01/2017,06/30/2018,,2.12251,90%,04/01/2015,03/31/2018,,N,07/01/2017,06/30/2018,
450808,NORTHWEST HILLS SURGICAL HOSPITAL,12420,"Austin-Round Rock, TX",N/A,N/A,07/01/2017,06/30/2018,***,N/A,N/A,04/01/2015,03/31/2018,1,N,07/01/2017,06/30/2018,**
450809,NORTH AUSTIN MEDICAL CENTER,12420,"Austin-Round Rock, TX",87.13,70%,07/01/2017,06/30/2018,,2.5163,60%,04/01/2015,03/31/2018,,N,07/01/2017,06/30/2018,
450864,TEXAS SPINE AND JOINT HOSPITAL,46340,"Tyler, TX",90.88,100%,07/01/2017,06/30/2018,,3.06701,20%,04/01/2015,03/31/2018,,N,07/01/2017,06/30/2018,
450867,SETON NORTHWEST HOSPITAL,12420,"Austin-Round Rock, TX",87.56,80%,07/01/2017,06/30/2018,,2.41278,70%,04/01/2015,03/31/2018,,N,07/01/2017,06/30/2018,
450871,ARISE AUSTIN MEDICAL CENTER,12420,"Austin-Round Rock, TX",88.69,90%,07/01/2017,06/30/2018,,2.12599,90%,04/01/2015,03/31/2018,,N,07/01/2017,06/30/2018,
450876,LUBBOCK HEART HOSPITAL LP,31180,"Lubbock, TX",89.75,100%,07/01/2017,06/30/2018,,1.62003,100%,04/01/2015,03/31/2018,,Y,07/01/2017,06/30/2018,
460001,UTAH VALLEY REGIONAL MEDICAL CENTER,39340,"Provo-Orem, UT",86.88,70%,07/01/2017,06/30/2018,,3.11026,20%,04/01/2015,03/31/2018,,N,07/01/2017,06/30/2018,
460004,MCKAY DEE HOSPITAL,36260,"Ogden-Clearfield, UT",87.38,80%,07/01/2017,06/30/2018,,2.8527,30%,04/01/2015,03/31/2018,,N,07/01/2017,06/30/2018,
460013,MOUNTAIN VIEW HOSPITAL,39340,"Provo-Orem, UT",86.81,70%,07/01/2017,06/30/2018,,2.74206,40%,04/01/2015,03/31/2018,,N,07/01/2017,06/30/2018,
460023,AMERICAN FORK HOSPITAL,39340,"Provo-Orem, UT",87.50,80%,07/01/2017,06/30/2018,,4.14113,10%,04/01/2015,03/31/2018,,N,07/01/2017,06/30/2018,
460041,DAVIS HOSPITAL AND MEDICAL CENTER,36260,"Ogden-Clearfield, UT",84.50,30%,07/01/2017,06/30/2018,,3.15646,20%,04/01/2015,03/31/2018,,Y,07/01/2017,06/30/2018,*
460042,LAKEVIEW HOSPITAL,36260,"Ogden-Clearfield, UT",87.56,80%,07/01/2017,06/30/2018,,2.00409,90%,04/01/2015,03/31/2018,,N,07/01/2017,06/30/2018,
460052,TIMPANOGOS REGIONAL HOSPITAL,39340,"Provo-Orem, UT",87.31,80%,07/01/2017,06/30/2018,,2.29374,80%,04/01/2015,03/31/2018,,N,07/01/2017,06/30/2018,
500005,VIRGINIA MASON MEDICAL CENTER,42660,"Seattle-Tacoma-Bellevue, WA",88.56,90%,07/01/2017,06/30/2018,,1.64609,100%,04/01/2015,03/31/2018,,N,07/01/2017,06/30/2018,
500014,PROVIDENCE REGIONAL MEDICAL CENTER EVERETT,42660,"Seattle-Tacoma-Bellevue, WA",84.88,40%,07/01/2017,06/30/2018,,2.26621,80%,04/01/2015,03/31/2018,,N,07/01/2017,06/30/2018,
500021,ST CLARE HOSPITAL,42660,"Seattle-Tacoma-Bellevue, WA",82.38,10%,07/01/2017,06/30/2018,,1.96955,100%,04/01/2015,03/31/2018,,N,07/01/2017,06/30/2018,
500025,SWEDISH MEDICAL CENTER / CHERRY HILL,42660,"Seattle-Tacoma-Bellevue, WA",85.81,50%,07/01/2017,06/30/2018,,N/A,N/A,04/01/2015,03/31/2018,5,N,07/01/2017,06/30/2018,**
500026,SWEDISH EDMONDS HOSPITAL,42660,"Seattle-Tacoma-Bellevue, WA",81.19,10%,07/01/2017,06/30/2018,,2.51369,60%,04/01/2015,03/31/2018,,N,07/01/2017,06/30/2018,
500027,SWEDISH MEDICAL CENTER,42660,"Seattle-Tacoma-Bellevue, WA",85.94,50%,07/01/2017,06/30/2018,,2.064,90%,04/01/2015,03/31/2018,,N,07/01/2017,06/30/2018,
500150,LEGACY SALMON CREEK MEDICAL CENTER,38900,"Portland-Vancouver-Hillsboro, OR-WA",88.75,90%,07/01/2017,06/30/2018,,1.81946,100%,04/01/2015,03/31/2018,,Y,07/01/2017,06/30/2018,
500151,ST ANTHONY HOSPITAL,42660,"Seattle-Tacoma-Bellevue, WA",85.25,40%,07/01/2017,06/30/2018,,1.58046,100%,04/01/2015,03/31/2018,,Y,07/01/2017,06/30/2018,
500152,SWEDISH ISSAQUAH,42660,"Seattle-Tacoma-Bellevue, WA",86.25,60%,07/01/2017,06/30/2018,,3.02589,20%,04/01/2015,03/31/2018,,N,07/01/2017,06/30/2018,
520028,THE MONROE CLINIC,31540,"Madison, WI",91.75,100%,07/01/2017,06/30/2018,,2.69415,40%,04/01/2015,03/31/2018,,N,07/01/2017,06/30/2018,
520083,ST MARYS HOSPITAL,31540,"Madison, WI",88.81,90%,07/01/2017,06/30/2018,,2.86131,30%,04/01/2015,03/31/2018,,N,07/01/2017,06/30/2018,
520194,ORTHOPAEDIC HOSPITAL OF WISCONSIN,33340,"Milwaukee-Waukesha-West Allis, WI",93.81,100%,07/01/2017,06/30/2018,,1.76793,100%,04/01/2015,03/31/2018,,N,07/01/2017,06/30/2018,
520205,MIDWEST ORTHOPEDIC SPECIALTY HOSPITAL,33340,"Milwaukee-Waukesha-West Allis, WI",91.13,100%,07/01/2017,06/30/2018,,1.95169,100%,04/01/2015,03/31/2018,,N,07/01/2017,06/30/2018,
520206,AURORA MEDICAL CENTER,33340,"Milwaukee-Waukesha-West Allis, WI",88.56,90%,07/01/2017,06/30/2018,,1.90732,100%,04/01/2015,03/31/2018,,N,07/01/2017,06/30/2018,
520207,AURORA MEDICAL CENTER,33340,"Milwaukee-Waukesha-West Allis, WI",90.19,100%,07/01/2017,06/30/2018,,2.18439,80%,04/01/2015,03/31/2018,,N,07/01/2017,06/30/2018,
670006,THE HOSPITAL AT WESTLAKE MEDICAL CENTER,12420,"Austin-Round Rock, TX",86.75,70%,07/01/2017,06/30/2018,,2.48878,60%,04/01/2015,03/31/2018,,N,07/01/2017,06/30/2018,
670034,BAYLOR SCOTT & WHITE MEDICAL CENTER - ROUND ROCK,12420,"Austin-Round Rock, TX",86.56,60%,07/01/2017,06/30/2018,,2.38654,70%,04/01/2015,03/31/2018,,Y,07/01/2017,06/30/2018,
670041,SETON MEDICAL CENTER WILLIAMSON,12420,"Austin-Round Rock, TX",86.56,60%,07/01/2017,06/30/2018,,2.46014,60%,04/01/2015,03/31/2018,,N,07/01/2017,06/30/2018,
670043,CEDAR PARK REGIONAL MEDICAL CENTER,12420,"Austin-Round Rock, TX",85.38,40%,07/01/2017,06/30/2018,,3.26174,10%,04/01/2015,03/31/2018,,N,07/01/2017,06/30/2018,*
670056,SETON MEDICAL CENTER HAYS,12420,"Austin-Round Rock, TX",87.38,80%,07/01/2017,06/30/2018,,2.60852,50%,04/01/2015,03/31/2018,,N,07/01/2017,06/30/2018,
670061,SOUTH TEXAS SURGICAL HOSPITAL,18580,"Corpus Christi, TX",92.19,100%,07/01/2017,06/30/2018,,2.45384,60%,04/01/2015,03/31/2018,,N,07/01/2017,06/30/2018,
670080,SETON MEDICAL CENTER HARKER HEIGHTS,28660,"Killeen-Temple, TX",88.00,90%,07/01/2017,06/30/2018,,2.48204,60%,04/01/2015,03/31/2018,,N,07/01/2017,06/30/2018,
