"Facility ID","Facility Name","Address","City","State","ZIP Code","County Name","Measure ID","Measure Name","Compared To National","Denominator","Score","Lower Estimate","Higher Estimate","Footnote","Start Date","End Date"
01014F,BIRMINGHAM VA MEDICAL CENTER,700 SOUTH 19TH STREET,BIRMINGHAM,AL,35233,JEFFERSON,MORT-30-COPD,Death rate for chronic obstructive pulmonary disease (COPD) patients,Not Available,256,4.69,3.0,7.0,20,07/01/2015,06/30/2018
01014F,BIRMINGHAM VA MEDICAL CENTER,700 SOUTH 19TH STREET,BIRMINGHAM,AL,35233,JEFFERSON,READM-30-COPD,Rate of readmission for chronic obstructive pulmonary disease (COPD) patients,Not Available,283,15.76,12.6,19.5,20,07/01/2015,06/30/2018
01019F,VA CENTRAL ALABAMA HEALTHCARE SYSTEM - MONTGOMERY,215 PERRY HILL ROAD,MONTGOMERY,AL,36109,MONTGOMERY,MORT-30-COPD,Death rate for chronic obstructive pulmonary disease (COPD) patients,Not Available,89,5.76,3.3,10.2,20,07/01/2015,06/30/2018
01019F,VA CENTRAL ALABAMA HEALTHCARE SYSTEM - MONTGOMERY,215 PERRY HILL ROAD,MONTGOMERY,AL,36109,MONTGOMERY,READM-30-COPD,Rate of readmission for chronic obstructive pulmonary disease (COPD) patients,Not Available,97,13.98,10.2,18.5,20,07/01/2015,06/30/2018
01021F,TUSCALOOSA VA MEDICAL CENTER,3701 LOOP ROAD EAST,TUSCALOOSA,AL,35404,TUSCALOOSA,MORT-30-COPD,Death rate for chronic obstructive pulmonary disease (COPD) patients,Not Available,Not Available,Not Available,Not Available,Not Available,"5, 20",07/01/2015,06/30/2018
01021F,TUSCALOOSA VA MEDICAL CENTER,3701 LOOP ROAD EAST,TUSCALOOSA,AL,35404,TUSCALOOSA,READM-30-COPD,Rate of readmission for chronic obstructive pulmonary disease (COPD) patients,Not Available,Not Available,Not Available,Not Available,Not Available,"5, 20",07/01/2015,06/30/2018
03012F,PHOENIX VA MEDICAL CENTER,650 E. INDIAN SCHOOL ROAD,PHOENIX,AZ,85012,MARICOPA,MORT-30-COPD,Death rate for chronic obstructive pulmonary disease (COPD) patients,Not Available,355,5.88,4.0,8.2,20,07/01/2015,06/30/2018
03012F,PHOENIX VA MEDICAL CENTER,650 E. INDIAN SCHOOL ROAD,PHOENIX,AZ,85012,MARICOPA,READM-30-COPD,Rate of readmission for chronic obstructive pulmonary disease (COPD) patients,Not Available,394,14.88,12.3,17.7,20,07/01/2015,06/30/2018
03013F,VA S. ARIZONA HEALTHCARE SYSTEM,3601 SOUTH SIXTH AVENUE,TUCSON,AZ,85723,PIMA,MORT-30-COPD,Death rate for chronic obstructive pulmonary disease (COPD) patients,Not Available,401,7.38,5.4,10.0,20,07/01/2015,06/30/2018
03013F,VA S. ARIZONA HEALTHCARE SYSTEM,3601 SOUTH SIXTH AVENUE,TUCSON,AZ,85723,PIMA,READM-30-COPD,Rate of readmission for chronic obstructive pulmonary disease (COPD) patients,Not Available,429,16.79,14.0,20.1,20,07/01/2015,06/30/2018
03033F,VA NORTHERN ARIZONA HEALTHCARE SYSTEM,500 HIGHWAY 89 NORTH,PRESCOTT,AZ,86313,YAVAPAI,MORT-30-COPD,Death rate for chronic obstructive pulmonary disease (COPD) patients,Not Available,134,5.06,3.1,8.1,20,07/01/2015,06/30/2018
03033F,VA NORTHERN ARIZONA HEALTHCARE SYSTEM,500 HIGHWAY 89 NORTH,PRESCOTT,AZ,86313,YAVAPAI,READM-30-COPD,Rate of readmission for chronic obstructive pulmonary disease (COPD) patients,Not Available,133,12.35,9.1,16.2,20,07/01/2015,06/30/2018
04009F,FAYETTEVILLE AR VA MEDICAL CENTER,1100 N. COLLEGE AVENUE,FAYETTEVILLE,AR,72703,WASHINGTON,MORT-30-COPD,Death rate for chronic obstructive pulmonary disease (COPD) patients,Not Available,210,8.14,5.4,11.7,20,07/01/2015,06/30/2018
04009F,FAYETTEVILLE AR VA MEDICAL CENTER,1100 N. COLLEGE AVENUE,FAYETTEVILLE,AR,72703,WASHINGTON,READM-30-COPD,Rate of readmission for chronic obstructive pulmonary disease (COPD) patients,Not Available,238,11.82,9.0,15.2,20,07/01/2015,06/30/2018
04010F,VA CENTRAL AR. VETERANS HEALTHCARE SYSTEM LR,4300 WEST SEVENTH STREET,LITTLE ROCK,AR,72205,PULASKI,MORT-30-COPD,Death rate for chronic obstructive pulmonary disease (COPD) patients,Not Available,482,6.8,5.1,8.7,20,07/01/2015,06/30/2018
04010F,VA CENTRAL AR. VETERANS HEALTHCARE SYSTEM LR,4300 WEST SEVENTH STREET,LITTLE ROCK,AR,72205,PULASKI,READM-30-COPD,Rate of readmission for chronic obstructive pulmonary disease (COPD) patients,Not Available,543,16.24,13.7,19.2,20,07/01/2015,06/30/2018
05025F,FRESNO VA MEDICAL CENTER (VA CENTRAL CALIFORNIA HEALTHCARE SYSTEM),2615 E. CLINTON AVENUE,FRESNO,CA,93703,FRESNO,MORT-30-COPD,Death rate for chronic obstructive pulmonary disease (COPD) patients,Not Available,186,7.39,4.9,10.7,20,07/01/2015,06/30/2018
05025F,FRESNO VA MEDICAL CENTER (VA CENTRAL CALIFORNIA HEALTHCARE SYSTEM),2615 E. CLINTON AVENUE,FRESNO,CA,93703,FRESNO,READM-30-COPD,Rate of readmission for chronic obstructive pulmonary disease (COPD) patients,Not Available,204,15.65,12.1,20.4,20,07/01/2015,06/30/2018
05027F,VA LONG BEACH HEALTHCARE SYSTEM,5901 E. SEVENTH STREET,LONG BEACH,CA,90822,LOS ANGELES,MORT-30-COPD,Death rate for chronic obstructive pulmonary disease (COPD) patients,Not Available,324,4.91,3.4,7.2,20,07/01/2015,06/30/2018
05027F,VA LONG BEACH HEALTHCARE SYSTEM,5901 E. SEVENTH STREET,LONG BEACH,CA,90822,LOS ANGELES,READM-30-COPD,Rate of readmission for chronic obstructive pulmonary disease (COPD) patients,Not Available,379,19.61,16.0,23.4,20,07/01/2015,06/30/2018
05030F,VA N CALIFORNIA HEALTHCARE SYSTEM,10535 HOSPITAL WAY,MATHER,CA,95655,SACRAMENTO,MORT-30-COPD,Death rate for chronic obstructive pulmonary disease (COPD) patients,Not Available,230,6.78,4.5,9.9,20,07/01/2015,06/30/2018
05030F,VA N CALIFORNIA HEALTHCARE SYSTEM,10535 HOSPITAL WAY,MATHER,CA,95655,SACRAMENTO,READM-30-COPD,Rate of readmission for chronic obstructive pulmonary disease (COPD) patients,Not Available,244,14.62,11.6,18.6,20,07/01/2015,06/30/2018
05031F,PALO ALTO VA MEDICAL CENTER,3801 MIRANDA AVENUE,PALO ALTO,CA,94304,SANTA CLARA,MORT-30-COPD,Death rate for chronic obstructive pulmonary disease (COPD) patients,Not Available,167,5.19,3.2,7.9,20,07/01/2015,06/30/2018
05031F,PALO ALTO VA MEDICAL CENTER,3801 MIRANDA AVENUE,PALO ALTO,CA,94304,SANTA CLARA,READM-30-COPD,Rate of readmission for chronic obstructive pulmonary disease (COPD) patients,Not Available,199,17.26,13.6,21.4,20,07/01/2015,06/30/2018
05114F,VA SAN DIEGO HEALTHCARE SYSTEM,3350 LA JOLLA VILLAGE DRIVE,SAN DIEGO,CA,92161,SAN DIEGO,MORT-30-COPD,Death rate for chronic obstructive pulmonary disease (COPD) patients,Not Available,233,5.27,3.4,7.7,20,07/01/2015,06/30/2018
05114F,VA SAN DIEGO HEALTHCARE SYSTEM,3350 LA JOLLA VILLAGE DRIVE,SAN DIEGO,CA,92161,SAN DIEGO,READM-30-COPD,Rate of readmission for chronic obstructive pulmonary disease (COPD) patients,Not Available,268,15.36,12.4,18.8,20,07/01/2015,06/30/2018
05127F,LOMA LINDA VA MEDICAL CENTER,11201 BENTON STREET,LOMA LINDA,CA,92357,SAN BERNARDINO,MORT-30-COPD,Death rate for chronic obstructive pulmonary disease (COPD) patients,Not Available,323,6.66,4.8,9.6,20,07/01/2015,06/30/2018
05127F,LOMA LINDA VA MEDICAL CENTER,11201 BENTON STREET,LOMA LINDA,CA,92357,SAN BERNARDINO,READM-30-COPD,Rate of readmission for chronic obstructive pulmonary disease (COPD) patients,Not Available,340,13.24,10.5,16.6,20,07/01/2015,06/30/2018
05128F,VA GREATER LOS ANGELES HEALTHCARE SYSTEM,11301 WILSHIRE BLVD.,LOS ANGELES,CA,90073,LOS ANGELES,MORT-30-COPD,Death rate for chronic obstructive pulmonary disease (COPD) patients,Not Available,254,4.23,2.8,6.4,20,07/01/2015,06/30/2018
05128F,VA GREATER LOS ANGELES HEALTHCARE SYSTEM,11301 WILSHIRE BLVD.,LOS ANGELES,CA,90073,LOS ANGELES,READM-30-COPD,Rate of readmission for chronic obstructive pulmonary disease (COPD) patients,Not Available,284,15.64,12.6,19.4,20,07/01/2015,06/30/2018
05130F,SAN FRANCISCO VA MEDICAL CENTER,4150 CLEMENT STREET,SAN FRANCISCO,CA,94121,SAN FRANCISCO,MORT-30-COPD,Death rate for chronic obstructive pulmonary disease (COPD) patients,Not Available,183,5.21,3.3,8.2,20,07/01/2015,06/30/2018
05130F,SAN FRANCISCO VA MEDICAL CENTER,4150 CLEMENT STREET,SAN FRANCISCO,CA,94121,SAN FRANCISCO,READM-30-COPD,Rate of readmission for chronic obstructive pulmonary disease (COPD) patients,Not Available,209,18.09,14.2,23.0,20,07/01/2015,06/30/2018
06005F,VA EASTERN COLORADO HEALTHCARE SYSTEM,1700 NORTH WHEELING STREET,AURORA,CO,80045,ADAMS,MORT-30-COPD,Death rate for chronic obstructive pulmonary disease (COPD) patients,Not Available,188,5.55,3.4,8.5,20,07/01/2015,06/30/2018
06005F,VA EASTERN COLORADO HEALTHCARE SYSTEM,1700 NORTH WHEELING STREET,AURORA,CO,80045,ADAMS,READM-30-COPD,Rate of readmission for chronic obstructive pulmonary disease (COPD) patients,Not Available,220,14.12,11.1,18.4,20,07/01/2015,06/30/2018
06007F,GRAND JUNCTION VA MEDICAL CENTER,2121 N. AVENUE,GRAND JUNCTION,CO,81501,MESA,MORT-30-COPD,Death rate for chronic obstructive pulmonary disease (COPD) patients,Not Available,85,5.59,3.5,8.8,20,07/01/2015,06/30/2018
06007F,GRAND JUNCTION VA MEDICAL CENTER,2121 N. AVENUE,GRAND JUNCTION,CO,81501,MESA,READM-30-COPD,Rate of readmission for chronic obstructive pulmonary disease (COPD) patients,Not Available,96,14.83,11.4,19.0,20,07/01/2015,06/30/2018
07003F,WEST HAVEN VA MEDICAL CENTER,950 CAMPBELL AVENUE,WEST HAVEN,CT,06516,NEW HAVEN,MORT-30-COPD,Death rate for chronic obstructive pulmonary disease (COPD) patients,Not Available,226,5.89,4.0,8.6,20,07/01/2015,06/30/2018
07003F,WEST HAVEN VA MEDICAL CENTER,950 CAMPBELL AVENUE,WEST HAVEN,CT,06516,NEW HAVEN,READM-30-COPD,Rate of readmission for chronic obstructive pulmonary disease (COPD) patients,Not Available,248,15.88,12.8,19.4,20,07/01/2015,06/30/2018
08002F,WILMINGTON VA MEDICAL CENTER,1601 KIRKWOOD HIGHWAY,WILMINGTON,DE,19805,NEW CASTLE,MORT-30-COPD,Death rate for chronic obstructive pulmonary disease (COPD) patients,Not Available,132,5.66,3.5,9.0,20,07/01/2015,06/30/2018
08002F,WILMINGTON VA MEDICAL CENTER,1601 KIRKWOOD HIGHWAY,WILMINGTON,DE,19805,NEW CASTLE,READM-30-COPD,Rate of readmission for chronic obstructive pulmonary disease (COPD) patients,Not Available,152,15.93,12.4,20.5,20,07/01/2015,06/30/2018
09002F,WASHINGTON DC VA MEDICAL CENTER,50 IRVING STREET N.W.,WASHINGTON,DC,20422,THE DISTRICT,MORT-30-COPD,Death rate for chronic obstructive pulmonary disease (COPD) patients,Not Available,250,4.27,2.9,6.4,20,07/01/2015,06/30/2018
09002F,WASHINGTON DC VA MEDICAL CENTER,50 IRVING STREET N.W.,WASHINGTON,DC,20422,THE DISTRICT,READM-30-COPD,Rate of readmission for chronic obstructive pulmonary disease (COPD) patients,Not Available,294,17.08,13.8,20.6,20,07/01/2015,06/30/2018
10009F,BAY PINES VA MEDICAL CENTER,10000 BAY PINES BLVD.,BAY PINES,FL,33744,PINELLAS,MORT-30-COPD,Death rate for chronic obstructive pulmonary disease (COPD) patients,Not Available,629,6.47,4.8,8.4,20,07/01/2015,06/30/2018
10009F,BAY PINES VA MEDICAL CENTER,10000 BAY PINES BLVD.,BAY PINES,FL,33744,PINELLAS,READM-30-COPD,Rate of readmission for chronic obstructive pulmonary disease (COPD) patients,Not Available,743,19.84,16.9,22.6,20,07/01/2015,06/30/2018
10015F,VA NORTH FLORIDA/SOUTH GEORGIA HEALTHCARE SYSTEM - LAKE CITY,619 SOUTH MARION AVENUE,LAKE CITY,FL,32025,COLUMBIA,MORT-30-COPD,Death rate for chronic obstructive pulmonary disease (COPD) patients,Not Available,275,4.92,3.4,7.2,20,07/01/2015,06/30/2018
10015F,VA NORTH FLORIDA/SOUTH GEORGIA HEALTHCARE SYSTEM - LAKE CITY,619 SOUTH MARION AVENUE,LAKE CITY,FL,32025,COLUMBIA,READM-30-COPD,Rate of readmission for chronic obstructive pulmonary disease (COPD) patients,Not Available,319,18.72,15.7,23.1,20,07/01/2015,06/30/2018
10057F,VA NORTH FLORIDA/SOUTH GEORGIA HEALTHCARE SYSTEM - GAINES,1601 S W ARCHER ROAD,GAINESVILLE,FL,32608,ALACHUA,MORT-30-COPD,Death rate for chronic obstructive pulmonary disease (COPD) patients,Not Available,592,5.82,4.3,7.7,20,07/01/2015,06/30/2018
10057F,VA NORTH FLORIDA/SOUTH GEORGIA HEALTHCARE SYSTEM - GAINES,1601 S W ARCHER ROAD,GAINESVILLE,FL,32608,ALACHUA,READM-30-COPD,Rate of readmission for chronic obstructive pulmonary disease (COPD) patients,Not Available,690,17.85,15.5,20.9,20,07/01/2015,06/30/2018
10063F,TAMPA VA MEDICAL CENTER,13000 BRUCE B DOWNS BLVD.,TAMPA,FL,33612,HILLSBOROUGH,MORT-30-COPD,Death rate for chronic obstructive pulmonary disease (COPD) patients,Not Available,586,5.99,4.4,8.1,20,07/01/2015,06/30/2018
10063F,TAMPA VA MEDICAL CENTER,13000 BRUCE B DOWNS BLVD.,TAMPA,FL,33612,HILLSBOROUGH,READM-30-COPD,Rate of readmission for chronic obstructive pulmonary disease (COPD) patients,Not Available,666,16.06,13.4,18.9,20,07/01/2015,06/30/2018
10064F,MIAMI VA MEDICAL CENTER,1201 N W 16TH STREET,MIAMI,FL,33125,MIAMI-DADE,MORT-30-COPD,Death rate for chronic obstructive pulmonary disease (COPD) patients,Not Available,174,7.67,5.2,11.2,20,07/01/2015,06/30/2018
10064F,MIAMI VA MEDICAL CENTER,1201 N W 16TH STREET,MIAMI,FL,33125,MIAMI-DADE,READM-30-COPD,Rate of readmission for chronic obstructive pulmonary disease (COPD) patients,Not Available,203,15.76,12.7,19.9,20,07/01/2015,06/30/2018
10065F,W PALM BEACH VA MEDICAL CENTER,7305 N. MILITARY TRAIL,WEST PALM BEACH,FL,33410,PALM BEACH,MORT-30-COPD,Death rate for chronic obstructive pulmonary disease (COPD) patients,Not Available,378,5.21,3.7,7.6,20,07/01/2015,06/30/2018
10065F,W PALM BEACH VA MEDICAL CENTER,7305 N. MILITARY TRAIL,WEST PALM BEACH,FL,33410,PALM BEACH,READM-30-COPD,Rate of readmission for chronic obstructive pulmonary disease (COPD) patients,Not Available,412,15.59,12.8,18.5,20,07/01/2015,06/30/2018
10099F,ORLANDO VA MEDICAL CENTER,13800 VETERANS WAY,ORLANDO,FL,32827,ORANGE,MORT-30-COPD,Death rate for chronic obstructive pulmonary disease (COPD) patients,Not Available,210,5.44,3.5,8.4,20,07/01/2015,06/30/2018
10099F,ORLANDO VA MEDICAL CENTER,13800 VETERANS WAY,ORLANDO,FL,32827,ORANGE,READM-30-COPD,Rate of readmission for chronic obstructive pulmonary disease (COPD) patients,Not Available,220,15.97,12.6,20.2,20,07/01/2015,06/30/2018
11029F,DECATUR (ATLANTA) VA MEDICAL CENTER,1670 CLAIRMONT ROAD,DECATUR,GA,30033,DE KALB,MORT-30-COPD,Death rate for chronic obstructive pulmonary disease (COPD) patients,Not Available,308,5.03,3.5,7.6,20,07/01/2015,06/30/2018
11029F,DECATUR (ATLANTA) VA MEDICAL CENTER,1670 CLAIRMONT ROAD,DECATUR,GA,30033,DE KALB,READM-30-COPD,Rate of readmission for chronic obstructive pulmonary disease (COPD) patients,Not Available,367,14.99,12.1,18.2,20,07/01/2015,06/30/2018
11030F,AUGUSTA VA MEDICAL CENTER,1 FREEDOM WAY,AUGUSTA,GA,30904,RICHMOND,MORT-30-COPD,Death rate for chronic obstructive pulmonary disease (COPD) patients,Not Available,244,5.94,4.0,8.9,20,07/01/2015,06/30/2018
11030F,AUGUSTA VA MEDICAL CENTER,1 FREEDOM WAY,AUGUSTA,GA,30904,RICHMOND,READM-30-COPD,Rate of readmission for chronic obstructive pulmonary disease (COPD) patients,Not Available,265,15.7,12.4,19.4,20,07/01/2015,06/30/2018
11031F,DUBLIN VA MEDICAL CENTER,1826 VETERANS BOULEVARD,DUBLIN,GA,31021,LAURENS,MORT-30-COPD,Death rate for chronic obstructive pulmonary disease (COPD) patients,Not Available,78,7.38,4.3,11.4,20,07/01/2015,06/30/2018
11031F,DUBLIN VA MEDICAL CENTER,1826 VETERANS BOULEVARD,DUBLIN,GA,31021,LAURENS,READM-30-COPD,Rate of readmission for chronic obstructive pulmonary disease (COPD) patients,Not Available,73,13.56,10.0,17.7,20,07/01/2015,06/30/2018
13003F,BOISE VA MEDICAL CENTER,500 W. FORT STREET,BOISE,ID,83702,ADA,MORT-30-COPD,Death rate for chronic obstructive pulmonary disease (COPD) patients,Not Available,165,6.84,4.5,10.4,20,07/01/2015,06/30/2018
13003F,BOISE VA MEDICAL CENTER,500 W. FORT STREET,BOISE,ID,83702,ADA,READM-30-COPD,Rate of readmission for chronic obstructive pulmonary disease (COPD) patients,Not Available,181,16.17,13.1,20.2,20,07/01/2015,06/30/2018
14003F,JESSE BROWN VA MEDICAL CENTER - VA CHICAGO HEALTHCARE SYSTEM,820 S DAMEN STREET,CHICAGO,IL,60612,COOK,MORT-30-COPD,Death rate for chronic obstructive pulmonary disease (COPD) patients,Not Available,315,3.21,2.1,4.8,20,07/01/2015,06/30/2018
14003F,JESSE BROWN VA MEDICAL CENTER - VA CHICAGO HEALTHCARE SYSTEM,820 S DAMEN STREET,CHICAGO,IL,60612,COOK,READM-30-COPD,Rate of readmission for chronic obstructive pulmonary disease (COPD) patients,Not Available,409,18.19,14.9,21.5,20,07/01/2015,06/30/2018
14004F,VA ILLIANA HEALTHCARE SYSTEM - DANVILLE,1900 E. MAIN,DANVILLE,IL,61832,VERMILION,MORT-30-COPD,Death rate for chronic obstructive pulmonary disease (COPD) patients,Not Available,95,7.06,4.1,11.6,20,07/01/2015,06/30/2018
14004F,VA ILLIANA HEALTHCARE SYSTEM - DANVILLE,1900 E. MAIN,DANVILLE,IL,61832,VERMILION,READM-30-COPD,Rate of readmission for chronic obstructive pulmonary disease (COPD) patients,Not Available,105,13.8,10.3,17.7,20,07/01/2015,06/30/2018
14007F,HINES VA MEDICAL CENTER,5000 SOUTH 5TH AVENUE,HINES,IL,60141,COOK,MORT-30-COPD,Death rate for chronic obstructive pulmonary disease (COPD) patients,Not Available,328,4.87,3.4,6.8,20,07/01/2015,06/30/2018
14007F,HINES VA MEDICAL CENTER,5000 SOUTH 5TH AVENUE,HINES,IL,60141,COOK,READM-30-COPD,Rate of readmission for chronic obstructive pulmonary disease (COPD) patients,Not Available,375,18.09,14.8,21.8,20,07/01/2015,06/30/2018
14008F,MARION IL VA MEDICAL CENTER,2401 WEST MAIN,MARION,IL,62959,WILLIAMSON,MORT-30-COPD,Death rate for chronic obstructive pulmonary disease (COPD) patients,Not Available,334,4.43,3.0,6.5,20,07/01/2015,06/30/2018
14008F,MARION IL VA MEDICAL CENTER,2401 WEST MAIN,MARION,IL,62959,WILLIAMSON,READM-30-COPD,Rate of readmission for chronic obstructive pulmonary disease (COPD) patients,Not Available,391,14.88,12.1,18.0,20,07/01/2015,06/30/2018
14034F,NORTH CHICAGO VA MEDICAL CENTER,3001 GREENBAY ROAD,NORTH CHICAGO,IL,60064,LAKE,MORT-30-COPD,Death rate for chronic obstructive pulmonary disease (COPD) patients,Not Available,195,4.01,2.5,6.5,20,07/01/2015,06/30/2018
14034F,NORTH CHICAGO VA MEDICAL CENTER,3001 GREENBAY ROAD,NORTH CHICAGO,IL,60064,LAKE,READM-30-COPD,Rate of readmission for chronic obstructive pulmonary disease (COPD) patients,Not Available,221,17.61,13.8,21.7,20,07/01/2015,06/30/2018
15002F,VA N. INDIANA HEALTHCARE SYSTEM - FT. WAYNE,2121 LAKE AVENUE,FORT WAYNE,IN,46805,ALLEN,MORT-30-COPD,Death rate for chronic obstructive pulmonary disease (COPD) patients,Not Available,165,8.68,5.7,12.7,20,07/01/2015,06/30/2018
15002F,VA N. INDIANA HEALTHCARE SYSTEM - FT. WAYNE,2121 LAKE AVENUE,FORT WAYNE,IN,46805,ALLEN,READM-30-COPD,Rate of readmission for chronic obstructive pulmonary disease (COPD) patients,Not Available,168,13.74,10.5,17.6,20,07/01/2015,06/30/2018
15003F,INDIANAPOLIS VA MEDICAL CENTER,1481 W. TENTH STREET,INDIANAPOLIS,IN,46202,MARION,MORT-30-COPD,Death rate for chronic obstructive pulmonary disease (COPD) patients,Not Available,548,6.48,4.9,9.2,20,07/01/2015,06/30/2018
15003F,INDIANAPOLIS VA MEDICAL CENTER,1481 W. TENTH STREET,INDIANAPOLIS,IN,46202,MARION,READM-30-COPD,Rate of readmission for chronic obstructive pulmonary disease (COPD) patients,Not Available,663,14.65,12.3,17.3,20,07/01/2015,06/30/2018
15004F,VA N. INDIANA HEALTHCARE SYSTEM - MARION,1700 E. 38TH STREET,MARION,IN,46953,GRANT,MORT-30-COPD,Death rate for chronic obstructive pulmonary disease (COPD) patients,Not Available,Not Available,Not Available,Not Available,Not Available,"5, 20",07/01/2015,06/30/2018
15004F,VA N. INDIANA HEALTHCARE SYSTEM - MARION,1700 E. 38TH STREET,MARION,IN,46953,GRANT,READM-30-COPD,Rate of readmission for chronic obstructive pulmonary disease (COPD) patients,Not Available,Not Available,Not Available,Not Available,Not Available,"5, 20",07/01/2015,06/30/2018
16003F,VA CENTRAL IOWA HEALTHCARE SYSTEM,3600 30TH STREET,DES MOINES,IA,50310,POLK,MORT-30-COPD,Death rate for chronic obstructive pulmonary disease (COPD) patients,Not Available,176,7.77,5.2,11.2,20,07/01/2015,06/30/2018
16003F,VA CENTRAL IOWA HEALTHCARE SYSTEM,3600 30TH STREET,DES MOINES,IA,50310,POLK,READM-30-COPD,Rate of readmission for chronic obstructive pulmonary disease (COPD) patients,Not Available,212,15.65,12.3,19.4,20,07/01/2015,06/30/2018
16004F,IOWA CITY VA MEDICAL CENTER,601 HIGHWAY 6 WEST,IOWA CITY,IA,52246,JOHNSON,MORT-30-COPD,Death rate for chronic obstructive pulmonary disease (COPD) patients,Not Available,171,4.95,3.1,7.8,20,07/01/2015,06/30/2018
16004F,IOWA CITY VA MEDICAL CENTER,601 HIGHWAY 6 WEST,IOWA CITY,IA,52246,JOHNSON,READM-30-COPD,Rate of readmission for chronic obstructive pulmonary disease (COPD) patients,Not Available,229,13.8,10.8,17.3,20,07/01/2015,06/30/2018
17005F,COLMERY-O'NEIL VA MEDICAL CENTER,2200 SW GAGE BOULEVARD,TOPEKA,KS,66622,SHAWNEE,MORT-30-COPD,Death rate for chronic obstructive pulmonary disease (COPD) patients,Not Available,106,7.11,4.5,11.5,20,07/01/2015,06/30/2018
17005F,COLMERY-O'NEIL VA MEDICAL CENTER,2200 SW GAGE BOULEVARD,TOPEKA,KS,66622,SHAWNEE,READM-30-COPD,Rate of readmission for chronic obstructive pulmonary disease (COPD) patients,Not Available,103,12.89,9.2,17.2,20,07/01/2015,06/30/2018
17006F,VA EASTERN KANSAS HEALTHCARE SYSTEM - LEAVENWORTH,4101 S. 4TH STREET,LEAVENWORTH,KS,66048,LEAVENWORTH,MORT-30-COPD,Death rate for chronic obstructive pulmonary disease (COPD) patients,Not Available,92,6.08,3.7,9.7,20,07/01/2015,06/30/2018
17006F,VA EASTERN KANSAS HEALTHCARE SYSTEM - LEAVENWORTH,4101 S. 4TH STREET,LEAVENWORTH,KS,66048,LEAVENWORTH,READM-30-COPD,Rate of readmission for chronic obstructive pulmonary disease (COPD) patients,Not Available,97,12.57,9.2,17.2,20,07/01/2015,06/30/2018
17008F,WICHITA VA MEDICAL CENTER,5500 E. KELLOG,WICHITA,KS,67218,SEDGWICK,MORT-30-COPD,Death rate for chronic obstructive pulmonary disease (COPD) patients,Not Available,144,7.71,5.0,11.9,20,07/01/2015,06/30/2018
17008F,WICHITA VA MEDICAL CENTER,5500 E. KELLOG,WICHITA,KS,67218,SEDGWICK,READM-30-COPD,Rate of readmission for chronic obstructive pulmonary disease (COPD) patients,Not Available,154,16.18,12.7,20.4,20,07/01/2015,06/30/2018
18006F,LOUISVILLE VA MEDICAL CENTER,800 ZORN AVENUE,LOUISVILLE,KY,40206,JEFFERSON,MORT-30-COPD,Death rate for chronic obstructive pulmonary disease (COPD) patients,Not Available,332,8.93,6.6,12.1,20,07/01/2015,06/30/2018
18006F,LOUISVILLE VA MEDICAL CENTER,800 ZORN AVENUE,LOUISVILLE,KY,40206,JEFFERSON,READM-30-COPD,Rate of readmission for chronic obstructive pulmonary disease (COPD) patients,Not Available,342,14.76,11.8,18.0,20,07/01/2015,06/30/2018
18007F,LEXINGTON VA MEDICAL CENTER,1101 VETERANS DRIVE,LEXINGTON,KY,40502,FAYETTE,MORT-30-COPD,Death rate for chronic obstructive pulmonary disease (COPD) patients,Not Available,359,4.41,3.1,6.2,20,07/01/2015,06/30/2018
18007F,LEXINGTON VA MEDICAL CENTER,1101 VETERANS DRIVE,LEXINGTON,KY,40502,FAYETTE,READM-30-COPD,Rate of readmission for chronic obstructive pulmonary disease (COPD) patients,Not Available,450,15.9,13.4,19.1,20,07/01/2015,06/30/2018
19043F,ALEXANDRIA VA MEDICAL CENTER,2495 SHREVEPORT HIGHWAY 71 N,PINEVILLE,LA,71360,RAPIDES,MORT-30-COPD,Death rate for chronic obstructive pulmonary disease (COPD) patients,Not Available,48,6.58,3.9,11.2,20,07/01/2015,06/30/2018
19043F,ALEXANDRIA VA MEDICAL CENTER,2495 SHREVEPORT HIGHWAY 71 N,PINEVILLE,LA,71360,RAPIDES,READM-30-COPD,Rate of readmission for chronic obstructive pulmonary disease (COPD) patients,Not Available,48,13.36,9.6,18.2,20,07/01/2015,06/30/2018
19047F,SOUTHEAST LOUISIANA VETERANS HEALTH CARE SYSTEM,2400 CANAL STREET,NEW ORLEANS,LA,70119,ORLEANS,MORT-30-COPD,Death rate for chronic obstructive pulmonary disease (COPD) patients,Not Available,Not Available,Not Available,Not Available,Not Available,"1, 20",07/01/2015,06/30/2018
19047F,SOUTHEAST LOUISIANA VETERANS HEALTH CARE SYSTEM,2400 CANAL STREET,NEW ORLEANS,LA,70119,ORLEANS,READM-30-COPD,Rate of readmission for chronic obstructive pulmonary disease (COPD) patients,Not Available,Not Available,Not Available,Not Available,Not Available,"1, 20",07/01/2015,06/30/2018
19048F,OVERTON BROOKS VA MEDICAL CENTER (SHREVEPORT),510 EAST STONER AVENUE,SHREVEPORT,LA,71101,CADDO,MORT-30-COPD,Death rate for chronic obstructive pulmonary disease (COPD) patients,Not Available,223,6.16,4.2,8.8,20,07/01/2015,06/30/2018
19048F,OVERTON BROOKS VA MEDICAL CENTER (SHREVEPORT),510 EAST STONER AVENUE,SHREVEPORT,LA,71101,CADDO,READM-30-COPD,Rate of readmission for chronic obstructive pulmonary disease (COPD) patients,Not Available,263,13.15,10.2,15.9,20,07/01/2015,06/30/2018
20003F,TOGUS VA MEDICAL CENTER,1 VA CENTER,AUGUSTA,ME,04330,KENNEBEC,MORT-30-COPD,Death rate for chronic obstructive pulmonary disease (COPD) patients,Not Available,134,7.19,4.6,10.9,20,07/01/2015,06/30/2018
20003F,TOGUS VA MEDICAL CENTER,1 VA CENTER,AUGUSTA,ME,04330,KENNEBEC,READM-30-COPD,Rate of readmission for chronic obstructive pulmonary disease (COPD) patients,Not Available,145,14.24,10.7,18.4,20,07/01/2015,06/30/2018
21010F,VA MARYLAND HEALTHCARE SYSTEM - PERRY POINT,VA MEDICAL CENTER,PERRY POINT,MD,21902,CECIL,MORT-30-COPD,Death rate for chronic obstructive pulmonary disease (COPD) patients,Not Available,Not Available,Not Available,Not Available,Not Available,"1, 20",07/01/2015,06/30/2018
21010F,VA MARYLAND HEALTHCARE SYSTEM - PERRY POINT,VA MEDICAL CENTER,PERRY POINT,MD,21902,CECIL,READM-30-COPD,Rate of readmission for chronic obstructive pulmonary disease (COPD) patients,Not Available,Not Available,Not Available,Not Available,Not Available,"1, 20",07/01/2015,06/30/2018
21020F,VA MARYLAND HEALTHCARE SYSTEM - BALTIMORE,10 NORTH GREENE STREET,BALTIMORE,MD,21201,BALTIMORE CITY,MORT-30-COPD,Death rate for chronic obstructive pulmonary disease (COPD) patients,Not Available,187,4.88,3.1,7.6,20,07/01/2015,06/30/2018
21020F,VA MARYLAND HEALTHCARE SYSTEM - BALTIMORE,10 NORTH GREENE STREET,BALTIMORE,MD,21201,BALTIMORE CITY,READM-30-COPD,Rate of readmission for chronic obstructive pulmonary disease (COPD) patients,Not Available,210,13,10.1,16.6,20,07/01/2015,06/30/2018
22001F,BEDFORD VA MEDICAL CENTER,200 SPRINGS ROAD,BEDFORD,MA,01730,MIDDLESEX,MORT-30-COPD,Death rate for chronic obstructive pulmonary disease (COPD) patients,Not Available,Not Available,Not Available,Not Available,Not Available,"5, 20",07/01/2015,06/30/2018
22001F,BEDFORD VA MEDICAL CENTER,200 SPRINGS ROAD,BEDFORD,MA,01730,MIDDLESEX,READM-30-COPD,Rate of readmission for chronic obstructive pulmonary disease (COPD) patients,Not Available,Not Available,Not Available,Not Available,Not Available,"5, 20",07/01/2015,06/30/2018
22009F,NORTHAMPTON VA MEDICAL CENTER,421 N MAIN ST,LEEDS,MA,01053,HAMPSHIRE,MORT-30-COPD,Death rate for chronic obstructive pulmonary disease (COPD) patients,Not Available,Not Available,Not Available,Not Available,Not Available,"5, 20",07/01/2015,06/30/2018
22009F,NORTHAMPTON VA MEDICAL CENTER,421 N MAIN ST,LEEDS,MA,01053,HAMPSHIRE,READM-30-COPD,Rate of readmission for chronic obstructive pulmonary disease (COPD) patients,Not Available,Not Available,Not Available,Not Available,Not Available,"5, 20",07/01/2015,06/30/2018
22010F,VA BOSTON HEALTHCARE SYSTEM - JAMAICA PLAIN,150 S. HUNTINGTON AVENUE,JAMAICA PLAIN,MA,02130,SUFFOLK,MORT-30-COPD,Death rate for chronic obstructive pulmonary disease (COPD) patients,Not Available,239,4.62,3.1,7.1,20,07/01/2015,06/30/2018
22010F,VA BOSTON HEALTHCARE SYSTEM - JAMAICA PLAIN,150 S. HUNTINGTON AVENUE,JAMAICA PLAIN,MA,02130,SUFFOLK,READM-30-COPD,Rate of readmission for chronic obstructive pulmonary disease (COPD) patients,Not Available,254,17.05,13.8,21.4,20,07/01/2015,06/30/2018
23005F,IRON MOUNTAIN MI VA MEDICAL CENTER,325 EAST H STREET,IRON MOUNTAIN,MI,49801,DICKINSON,MORT-30-COPD,Death rate for chronic obstructive pulmonary disease (COPD) patients,Not Available,79,6.29,3.8,9.9,20,07/01/2015,06/30/2018
23005F,IRON MOUNTAIN MI VA MEDICAL CENTER,325 EAST H STREET,IRON MOUNTAIN,MI,49801,DICKINSON,READM-30-COPD,Rate of readmission for chronic obstructive pulmonary disease (COPD) patients,Not Available,84,12.79,9.4,17.0,20,07/01/2015,06/30/2018
23009F,SAGINAW VA MEDICAL CENTER,1500 WEISS STREET,SAGINAW,MI,48602,SAGINAW,MORT-30-COPD,Death rate for chronic obstructive pulmonary disease (COPD) patients,Not Available,47,5.65,3.2,9.6,20,07/01/2015,06/30/2018
23009F,SAGINAW VA MEDICAL CENTER,1500 WEISS STREET,SAGINAW,MI,48602,SAGINAW,READM-30-COPD,Rate of readmission for chronic obstructive pulmonary disease (COPD) patients,Not Available,40,14.8,10.9,20.1,20,07/01/2015,06/30/2018
23011F,VA ANN ARBOR HEALTHCARE SYSTEM,2215 FULLER ROAD,ANN ARBOR,MI,48105,WASHTENAW,MORT-30-COPD,Death rate for chronic obstructive pulmonary disease (COPD) patients,Not Available,222,5.34,3.5,8.0,20,07/01/2015,06/30/2018
23011F,VA ANN ARBOR HEALTHCARE SYSTEM,2215 FULLER ROAD,ANN ARBOR,MI,48105,WASHTENAW,READM-30-COPD,Rate of readmission for chronic obstructive pulmonary disease (COPD) patients,Not Available,249,12.26,9.5,15.8,20,07/01/2015,06/30/2018
23012F,BATTLE CREEK VA MEDICAL CENTER,5500 ARMSTRONG RD.,BATTLE CREEK,MI,49037,CALHOUN,MORT-30-COPD,Death rate for chronic obstructive pulmonary disease (COPD) patients,Not Available,56,6.15,3.5,10.5,20,07/01/2015,06/30/2018
23012F,BATTLE CREEK VA MEDICAL CENTER,5500 ARMSTRONG RD.,BATTLE CREEK,MI,49037,CALHOUN,READM-30-COPD,Rate of readmission for chronic obstructive pulmonary disease (COPD) patients,Not Available,52,13.64,10.0,18.5,20,07/01/2015,06/30/2018
23037F,DETROIT (JOHN D. DINGELL) VA MEDICAL CENTER,4646 JOHN R.,DETROIT,MI,48201,WAYNE,MORT-30-COPD,Death rate for chronic obstructive pulmonary disease (COPD) patients,Not Available,233,4.44,2.8,7.1,20,07/01/2015,06/30/2018
23037F,DETROIT (JOHN D. DINGELL) VA MEDICAL CENTER,4646 JOHN R.,DETROIT,MI,48201,WAYNE,READM-30-COPD,Rate of readmission for chronic obstructive pulmonary disease (COPD) patients,Not Available,270,13.27,10.4,16.7,20,07/01/2015,06/30/2018
24002F,ST CLOUD VA MEDICAL CENTER,4801 VETERANS DRIVE,ST. CLOUD,MN,56303,STEARNS,MORT-30-COPD,Death rate for chronic obstructive pulmonary disease (COPD) patients,Not Available,Not Available,Not Available,Not Available,Not Available,"5, 20",07/01/2015,06/30/2018
24002F,ST CLOUD VA MEDICAL CENTER,4801 VETERANS DRIVE,ST. CLOUD,MN,56303,STEARNS,READM-30-COPD,Rate of readmission for chronic obstructive pulmonary disease (COPD) patients,Not Available,Not Available,Not Available,Not Available,Not Available,"5, 20",07/01/2015,06/30/2018
24003F,MINNEAPOLIS VA MEDICAL CENTER,ONE VETERANS DRIVE,MINNEAPOLIS,MN,55417,HENNEPIN,MORT-30-COPD,Death rate for chronic obstructive pulmonary disease (COPD) patients,Not Available,342,8.28,6.0,11.5,20,07/01/2015,06/30/2018
24003F,MINNEAPOLIS VA MEDICAL CENTER,ONE VETERANS DRIVE,MINNEAPOLIS,MN,55417,HENNEPIN,READM-30-COPD,Rate of readmission for chronic obstructive pulmonary disease (COPD) patients,Not Available,387,16.32,13.4,19.6,20,07/01/2015,06/30/2018
25042F,VA GULF COAST HEALTHCARE SYSTEM,400 VETERANS AVENUE,BILOXI,MS,39531,HARRISON,MORT-30-COPD,Death rate for chronic obstructive pulmonary disease (COPD) patients,Not Available,135,7.05,4.8,10.8,20,07/01/2015,06/30/2018
25042F,VA GULF COAST HEALTHCARE SYSTEM,400 VETERANS AVENUE,BILOXI,MS,39531,HARRISON,READM-30-COPD,Rate of readmission for chronic obstructive pulmonary disease (COPD) patients,Not Available,125,13.45,10.2,17.8,20,07/01/2015,06/30/2018
25043F,G. V. (SONNY) MONTGOMERY VA MEDICAL CENTER (JACKSON),1500 E. WOODROW WILSON DRIVE,JACKSON,MS,39216,HINDS,MORT-30-COPD,Death rate for chronic obstructive pulmonary disease (COPD) patients,Not Available,192,4.63,3.1,6.6,20,07/01/2015,06/30/2018
25043F,G. V. (SONNY) MONTGOMERY VA MEDICAL CENTER (JACKSON),1500 E. WOODROW WILSON DRIVE,JACKSON,MS,39216,HINDS,READM-30-COPD,Rate of readmission for chronic obstructive pulmonary disease (COPD) patients,Not Available,222,17.28,13.8,21.7,20,07/01/2015,06/30/2018
26004F,KANSAS CITY VA MEDICAL CENTER,4801 LINWOOD BLVD.,KANSAS CITY,MO,64128,JACKSON,MORT-30-COPD,Death rate for chronic obstructive pulmonary disease (COPD) patients,Not Available,348,5.48,3.7,8.0,20,07/01/2015,06/30/2018
26004F,KANSAS CITY VA MEDICAL CENTER,4801 LINWOOD BLVD.,KANSAS CITY,MO,64128,JACKSON,READM-30-COPD,Rate of readmission for chronic obstructive pulmonary disease (COPD) patients,Not Available,380,17.15,14.1,20.9,20,07/01/2015,06/30/2018
26007F,POPLAR BLUFF VA MEDICAL CENTER,1500 N. WESTWOOD BLVD.,POPLAR BLUFF,MO,63901,BUTLER,MORT-30-COPD,Death rate for chronic obstructive pulmonary disease (COPD) patients,Not Available,90,5.72,3.4,9.8,20,07/01/2015,06/30/2018
26007F,POPLAR BLUFF VA MEDICAL CENTER,1500 N. WESTWOOD BLVD.,POPLAR BLUFF,MO,63901,BUTLER,READM-30-COPD,Rate of readmission for chronic obstructive pulmonary disease (COPD) patients,Not Available,92,14.99,11.8,20.0,20,07/01/2015,06/30/2018
26009F,ST LOUIS-JOHN COCHRAN VA MEDICAL CENTER,915 NORTH GRAND,ST. LOUIS,MO,63106,ST. LOUIS,MORT-30-COPD,Death rate for chronic obstructive pulmonary disease (COPD) patients,Not Available,290,4.47,2.9,6.9,20,07/01/2015,06/30/2018
26009F,ST LOUIS-JOHN COCHRAN VA MEDICAL CENTER,915 NORTH GRAND,ST. LOUIS,MO,63106,ST. LOUIS,READM-30-COPD,Rate of readmission for chronic obstructive pulmonary disease (COPD) patients,Not Available,325,17.62,14.6,21.4,20,07/01/2015,06/30/2018
26023F,COLUMBIA MO VA MEDICAL CENTER,800 HOSPITAL DR,COLUMBIA,MO,65201,BOONE,MORT-30-COPD,Death rate for chronic obstructive pulmonary disease (COPD) patients,Not Available,348,6.88,5.1,9.5,20,07/01/2015,06/30/2018
26023F,COLUMBIA MO VA MEDICAL CENTER,800 HOSPITAL DR,COLUMBIA,MO,65201,BOONE,READM-30-COPD,Rate of readmission for chronic obstructive pulmonary disease (COPD) patients,Not Available,417,17.85,14.8,21.0,20,07/01/2015,06/30/2018
27003F,VA MONTANA HEALTHCARE SYSTEM,3687 VETERANS DRIVE,FORT HARRISON,MT,59636,LEWIS AND CLARK,MORT-30-COPD,Death rate for chronic obstructive pulmonary disease (COPD) patients,Not Available,79,7.08,4.4,11.5,20,07/01/2015,06/30/2018
27003F,VA MONTANA HEALTHCARE SYSTEM,3687 VETERANS DRIVE,FORT HARRISON,MT,59636,LEWIS AND CLARK,READM-30-COPD,Rate of readmission for chronic obstructive pulmonary disease (COPD) patients,Not Available,92,14.29,10.9,19.1,20,07/01/2015,06/30/2018
28006F,OMAHA VA MEDICAL CENTER (VA NEBRASKA WESTERN IOWA HEALTHCARE SYSTEM),4101 WOOLWORTH AVENUE,OMAHA,NE,68105,DOUGLAS,MORT-30-COPD,Death rate for chronic obstructive pulmonary disease (COPD) patients,Not Available,199,6.76,4.6,9.9,20,07/01/2015,06/30/2018
28006F,OMAHA VA MEDICAL CENTER (VA NEBRASKA WESTERN IOWA HEALTHCARE SYSTEM),4101 WOOLWORTH AVENUE,OMAHA,NE,68105,DOUGLAS,READM-30-COPD,Rate of readmission for chronic obstructive pulmonary disease (COPD) patients,Not Available,221,13.5,10.7,17.3,20,07/01/2015,06/30/2018
29002F,VA SIERRA NEVADA HEALTHCARE SYSTEM,975 KIRMAN AVENUE,RENO,NV,89502,WASHOE,MORT-30-COPD,Death rate for chronic obstructive pulmonary disease (COPD) patients,Not Available,273,7.03,5.0,10.0,20,07/01/2015,06/30/2018
29002F,VA SIERRA NEVADA HEALTHCARE SYSTEM,975 KIRMAN AVENUE,RENO,NV,89502,WASHOE,READM-30-COPD,Rate of readmission for chronic obstructive pulmonary disease (COPD) patients,Not Available,294,12.71,9.9,16.1,20,07/01/2015,06/30/2018
29004F,VA SOUTHERN NEVADA HEALTHCARE SYSTEM,6900 NORTH PECOS ROAD,N. LAS VEGAS,NV,89086,CLARK,MORT-30-COPD,Death rate for chronic obstructive pulmonary disease (COPD) patients,Not Available,483,4.02,2.7,5.9,20,07/01/2015,06/30/2018
29004F,VA SOUTHERN NEVADA HEALTHCARE SYSTEM,6900 NORTH PECOS ROAD,N. LAS VEGAS,NV,89086,CLARK,READM-30-COPD,Rate of readmission for chronic obstructive pulmonary disease (COPD) patients,Not Available,528,14.11,11.9,16.6,20,07/01/2015,06/30/2018
31001F,VA NEW JERSEY HEALTH CARE SYSTEM,385 TREMONT AVENUE,EAST ORANGE,NJ,07018,ESSEX,MORT-30-COPD,Death rate for chronic obstructive pulmonary disease (COPD) patients,Not Available,146,7.37,4.9,11.1,20,07/01/2015,06/30/2018
31001F,VA NEW JERSEY HEALTH CARE SYSTEM,385 TREMONT AVENUE,EAST ORANGE,NJ,07018,ESSEX,READM-30-COPD,Rate of readmission for chronic obstructive pulmonary disease (COPD) patients,Not Available,160,18.2,14.0,23.4,20,07/01/2015,06/30/2018
32005F,VA NEW MEXICO HEALTHCARE SYSTEM,1501 SAN PEDRO DRIVE SE,ALBUQUERQUE,NM,87108,BERNALILLO,MORT-30-COPD,Death rate for chronic obstructive pulmonary disease (COPD) patients,Not Available,264,6.51,4.7,9.4,20,07/01/2015,06/30/2018
32005F,VA NEW MEXICO HEALTHCARE SYSTEM,1501 SAN PEDRO DRIVE SE,ALBUQUERQUE,NM,87108,BERNALILLO,READM-30-COPD,Rate of readmission for chronic obstructive pulmonary disease (COPD) patients,Not Available,280,16.09,12.8,20.0,20,07/01/2015,06/30/2018
33009F,ALBANY VA MEDICAL CENTER,113 HOLLAND AVENUE,ALBANY,NY,12208,ALBANY,MORT-30-COPD,Death rate for chronic obstructive pulmonary disease (COPD) patients,Not Available,167,6.93,4.7,10.1,20,07/01/2015,06/30/2018
33009F,ALBANY VA MEDICAL CENTER,113 HOLLAND AVENUE,ALBANY,NY,12208,ALBANY,READM-30-COPD,Rate of readmission for chronic obstructive pulmonary disease (COPD) patients,Not Available,186,16.82,13.4,21.0,20,07/01/2015,06/30/2018
33011F,BATH VA MEDICAL CENTER,76 VETERANS AVE.,BATH,NY,14810,STEUBEN,MORT-30-COPD,Death rate for chronic obstructive pulmonary disease (COPD) patients,Not Available,101,6.44,4.0,10.0,20,07/01/2015,06/30/2018
33011F,BATH VA MEDICAL CENTER,76 VETERANS AVE.,BATH,NY,14810,STEUBEN,READM-30-COPD,Rate of readmission for chronic obstructive pulmonary disease (COPD) patients,Not Available,111,16.14,12.6,21.0,20,07/01/2015,06/30/2018
33012F,UPSTATE NEW YORK VA HEALTHCARE SYSTEM (WESTERN NY VA HEALTHCARE SYSTEM),3495 BAILEY AVENUE,BUFFALO,NY,14215,ERIE,MORT-30-COPD,Death rate for chronic obstructive pulmonary disease (COPD) patients,Not Available,316,6.28,4.5,8.7,20,07/01/2015,06/30/2018
33012F,UPSTATE NEW YORK VA HEALTHCARE SYSTEM (WESTERN NY VA HEALTHCARE SYSTEM),3495 BAILEY AVENUE,BUFFALO,NY,14215,ERIE,READM-30-COPD,Rate of readmission for chronic obstructive pulmonary disease (COPD) patients,Not Available,359,18.25,14.9,21.9,20,07/01/2015,06/30/2018
33014F,VA HUDSON VALLEY HEALTHCARE SYSTEM - CASTLE POINT,41 CASTLE POINT ROAD,WAPPINGERS FALLS,NY,12590,DUTCHESS,MORT-30-COPD,Death rate for chronic obstructive pulmonary disease (COPD) patients,Not Available,39,5.79,3.6,9.9,20,07/01/2015,06/30/2018
33014F,VA HUDSON VALLEY HEALTHCARE SYSTEM - CASTLE POINT,41 CASTLE POINT ROAD,WAPPINGERS FALLS,NY,12590,DUTCHESS,READM-30-COPD,Rate of readmission for chronic obstructive pulmonary disease (COPD) patients,Not Available,53,14.56,10.6,19.0,20,07/01/2015,06/30/2018
33015F,VA HUDSON VALLEY HEALTHCARE SYSTEM,2094 ALBANY POST ROAD,MONTROSE,NY,10548,WESTCHESTER,MORT-30-COPD,Death rate for chronic obstructive pulmonary disease (COPD) patients,Not Available,Not Available,Not Available,Not Available,Not Available,"5, 20",07/01/2015,06/30/2018
33015F,VA HUDSON VALLEY HEALTHCARE SYSTEM,2094 ALBANY POST ROAD,MONTROSE,NY,10548,WESTCHESTER,READM-30-COPD,Rate of readmission for chronic obstructive pulmonary disease (COPD) patients,Not Available,Not Available,Not Available,Not Available,Not Available,"5, 20",07/01/2015,06/30/2018
33016F,BRONX VA MEDICAL CENTER,130 WEST KINGSBRIDGE ROAD,BRONX,NY,10468,BRONX,MORT-30-COPD,Death rate for chronic obstructive pulmonary disease (COPD) patients,Not Available,122,6,4.0,9.1,20,07/01/2015,06/30/2018
33016F,BRONX VA MEDICAL CENTER,130 WEST KINGSBRIDGE ROAD,BRONX,NY,10468,BRONX,READM-30-COPD,Rate of readmission for chronic obstructive pulmonary disease (COPD) patients,Not Available,142,20.05,15.5,26.0,20,07/01/2015,06/30/2018
33017F,VA NEW YORK HARBOR HEALTHCARE SYSTEM - NY DIV.,423 EAST 23RD STREET,NEW YORK,NY,10010,NEW YORK,MORT-30-COPD,Death rate for chronic obstructive pulmonary disease (COPD) patients,Not Available,122,4.08,2.5,6.5,20,07/01/2015,06/30/2018
33017F,VA NEW YORK HARBOR HEALTHCARE SYSTEM - NY DIV.,423 EAST 23RD STREET,NEW YORK,NY,10010,NEW YORK,READM-30-COPD,Rate of readmission for chronic obstructive pulmonary disease (COPD) patients,Not Available,144,15.33,11.9,20.0,20,07/01/2015,06/30/2018
33019F,NORTHPORT VA MEDICAL CENTER,79 MIDDLEVILLE ROAD,NORTHPORT,NY,11768,SUFFOLK,MORT-30-COPD,Death rate for chronic obstructive pulmonary disease (COPD) patients,Not Available,154,5.19,3.3,8.4,20,07/01/2015,06/30/2018
33019F,NORTHPORT VA MEDICAL CENTER,79 MIDDLEVILLE ROAD,NORTHPORT,NY,11768,SUFFOLK,READM-30-COPD,Rate of readmission for chronic obstructive pulmonary disease (COPD) patients,Not Available,175,14.96,11.5,18.9,20,07/01/2015,06/30/2018
33020F,VA NEW YORK HARBOR HEALTHCARE SYSTEM - BROOKLYN,800 POLY PLACE,BROOKLYN,NY,11209,KINGS,MORT-30-COPD,Death rate for chronic obstructive pulmonary disease (COPD) patients,Not Available,144,4.16,2.5,6.7,20,07/01/2015,06/30/2018
33020F,VA NEW YORK HARBOR HEALTHCARE SYSTEM - BROOKLYN,800 POLY PLACE,BROOKLYN,NY,11209,KINGS,READM-30-COPD,Rate of readmission for chronic obstructive pulmonary disease (COPD) patients,Not Available,160,15.21,11.7,19.2,20,07/01/2015,06/30/2018
33024F,SYRACUSE VA MEDICAL CENTER,800 IRVING AVE.,SYRACUSE,NY,13210,ONONDAGA,MORT-30-COPD,Death rate for chronic obstructive pulmonary disease (COPD) patients,Not Available,244,7.05,5.1,9.4,20,07/01/2015,06/30/2018
33024F,SYRACUSE VA MEDICAL CENTER,800 IRVING AVE.,SYRACUSE,NY,13210,ONONDAGA,READM-30-COPD,Rate of readmission for chronic obstructive pulmonary disease (COPD) patients,Not Available,269,16.64,13.7,20.5,20,07/01/2015,06/30/2018
34012F,DURHAM VA MEDICAL CENTER,508 FULTON STREET,DURHAM,NC,27705,DURHAM,MORT-30-COPD,Death rate for chronic obstructive pulmonary disease (COPD) patients,Not Available,276,4.59,3.0,6.9,20,07/01/2015,06/30/2018
34012F,DURHAM VA MEDICAL CENTER,508 FULTON STREET,DURHAM,NC,27705,DURHAM,READM-30-COPD,Rate of readmission for chronic obstructive pulmonary disease (COPD) patients,Not Available,313,14.47,11.6,18.0,20,07/01/2015,06/30/2018
34013F,FAYETTEVILLE NC VA MEDICAL CENTER,2300 RAMSEY STREET,FAYETTEVILLE,NC,28301,CUMBERLAND,MORT-30-COPD,Death rate for chronic obstructive pulmonary disease (COPD) patients,Not Available,147,4.43,2.5,7.5,20,07/01/2015,06/30/2018
34013F,FAYETTEVILLE NC VA MEDICAL CENTER,2300 RAMSEY STREET,FAYETTEVILLE,NC,28301,CUMBERLAND,READM-30-COPD,Rate of readmission for chronic obstructive pulmonary disease (COPD) patients,Not Available,169,13.54,10.1,17.2,20,07/01/2015,06/30/2018
34017F,W.G. (BILL) HEFNER SALISBURY VA MEDICAL CENTER (SALSBURY),1601 BRENNER AVENUE,SALISBURY,NC,28144,ROWAN,MORT-30-COPD,Death rate for chronic obstructive pulmonary disease (COPD) patients,Not Available,134,6.16,4.0,9.7,20,07/01/2015,06/30/2018
34017F,W.G. (BILL) HEFNER SALISBURY VA MEDICAL CENTER (SALSBURY),1601 BRENNER AVENUE,SALISBURY,NC,28144,ROWAN,READM-30-COPD,Rate of readmission for chronic obstructive pulmonary disease (COPD) patients,Not Available,144,13,9.5,17.4,20,07/01/2015,06/30/2018
34036F,ASHEVILLE-OTEEN VA MEDICAL CENTER,1100 TUNNEL ROAD,ASHEVILLE,NC,28805,BUNCOMBE,MORT-30-COPD,Death rate for chronic obstructive pulmonary disease (COPD) patients,Not Available,224,8.51,5.9,12.3,20,07/01/2015,06/30/2018
34036F,ASHEVILLE-OTEEN VA MEDICAL CENTER,1100 TUNNEL ROAD,ASHEVILLE,NC,28805,BUNCOMBE,READM-30-COPD,Rate of readmission for chronic obstructive pulmonary disease (COPD) patients,Not Available,240,13.38,10.6,16.9,20,07/01/2015,06/30/2018
35002F,FARGO VA MEDICAL CENTER,2101 ELM STREET,FARGO,ND,58102,CASS,MORT-30-COPD,Death rate for chronic obstructive pulmonary disease (COPD) patients,Not Available,107,5.64,3.5,9.4,20,07/01/2015,06/30/2018
35002F,FARGO VA MEDICAL CENTER,2101 ELM STREET,FARGO,ND,58102,CASS,READM-30-COPD,Rate of readmission for chronic obstructive pulmonary disease (COPD) patients,Not Available,120,17.79,13.6,23.7,20,07/01/2015,06/30/2018
36001F,CLEVELAND-WADE PARK VA MEDICAL CENTER,10701 EAST BLVD,CLEVELAND,OH,44106,CUYAHOGA,MORT-30-COPD,Death rate for chronic obstructive pulmonary disease (COPD) patients,Not Available,372,5.41,3.8,7.7,20,07/01/2015,06/30/2018
36001F,CLEVELAND-WADE PARK VA MEDICAL CENTER,10701 EAST BLVD,CLEVELAND,OH,44106,CUYAHOGA,READM-30-COPD,Rate of readmission for chronic obstructive pulmonary disease (COPD) patients,Not Available,406,12.86,10.3,16.1,20,07/01/2015,06/30/2018
36003F,CINCINNATI VA MEDICAL CENTER,3200 VINE STREET,CINCINNATI,OH,45220,HAMILTON,MORT-30-COPD,Death rate for chronic obstructive pulmonary disease (COPD) patients,Not Available,306,5.03,3.4,7.3,20,07/01/2015,06/30/2018
36003F,CINCINNATI VA MEDICAL CENTER,3200 VINE STREET,CINCINNATI,OH,45220,HAMILTON,READM-30-COPD,Rate of readmission for chronic obstructive pulmonary disease (COPD) patients,Not Available,371,18.7,15.1,22.6,20,07/01/2015,06/30/2018
36007F,DAYTON VA MEDICAL CENTER,4100 WEST THIRD STREET,DAYTON,OH,45428,MONTGOMERY,MORT-30-COPD,Death rate for chronic obstructive pulmonary disease (COPD) patients,Not Available,265,5.68,3.9,8.1,20,07/01/2015,06/30/2018
36007F,DAYTON VA MEDICAL CENTER,4100 WEST THIRD STREET,DAYTON,OH,45428,MONTGOMERY,READM-30-COPD,Rate of readmission for chronic obstructive pulmonary disease (COPD) patients,Not Available,289,14.89,12.2,18.5,20,07/01/2015,06/30/2018
36008F,CHILLICOTHE VA MEDICAL CENTER,17273 STATE ROUTE 104,CHILLICOTHE,OH,45601,ROSS,MORT-30-COPD,Death rate for chronic obstructive pulmonary disease (COPD) patients,Not Available,259,5.23,3.5,7.4,20,07/01/2015,06/30/2018
36008F,CHILLICOTHE VA MEDICAL CENTER,17273 STATE ROUTE 104,CHILLICOTHE,OH,45601,ROSS,READM-30-COPD,Rate of readmission for chronic obstructive pulmonary disease (COPD) patients,Not Available,278,16.44,12.9,19.9,20,07/01/2015,06/30/2018
37012F,MUSKOGEE VA MEDICAL CENTER,1011 HONOR HEIGHTS DRIVE,MUSKOGEE,OK,74401,MUSKOGEE,MORT-30-COPD,Death rate for chronic obstructive pulmonary disease (COPD) patients,Not Available,228,7.21,4.8,10.4,20,07/01/2015,06/30/2018
37012F,MUSKOGEE VA MEDICAL CENTER,1011 HONOR HEIGHTS DRIVE,MUSKOGEE,OK,74401,MUSKOGEE,READM-30-COPD,Rate of readmission for chronic obstructive pulmonary disease (COPD) patients,Not Available,249,12.62,9.5,16.5,20,07/01/2015,06/30/2018
37014F,OKLAHOMA CITY VA MEDICAL CENTER,921 NE 13TH STREET,OKLAHOMA CITY,OK,73104,OKLAHOMA,MORT-30-COPD,Death rate for chronic obstructive pulmonary disease (COPD) patients,Not Available,476,9.08,6.9,12.0,20,07/01/2015,06/30/2018
37014F,OKLAHOMA CITY VA MEDICAL CENTER,921 NE 13TH STREET,OKLAHOMA CITY,OK,73104,OKLAHOMA,READM-30-COPD,Rate of readmission for chronic obstructive pulmonary disease (COPD) patients,Not Available,514,15.77,13.1,19.0,20,07/01/2015,06/30/2018
38003F,PORTLAND VA MEDICAL CENTER,3710 SW US VETERANS HOSPITAL,PORTLAND,OR,97239,MULTNOMAH,MORT-30-COPD,Death rate for chronic obstructive pulmonary disease (COPD) patients,Not Available,416,3.56,2.4,5.4,20,07/01/2015,06/30/2018
38003F,PORTLAND VA MEDICAL CENTER,3710 SW US VETERANS HOSPITAL,PORTLAND,OR,97239,MULTNOMAH,READM-30-COPD,Rate of readmission for chronic obstructive pulmonary disease (COPD) patients,Not Available,455,14.52,12.0,17.4,20,07/01/2015,06/30/2018
38004F,VA ROSEBURG HEALTHCARE SYSTEM,913 NW GARDEN VALLEY BLVD.,ROSEBURG,OR,97471,DOUGLAS,MORT-30-COPD,Death rate for chronic obstructive pulmonary disease (COPD) patients,Not Available,110,5.96,3.7,9.9,20,07/01/2015,06/30/2018
38004F,VA ROSEBURG HEALTHCARE SYSTEM,913 NW GARDEN VALLEY BLVD.,ROSEBURG,OR,97471,DOUGLAS,READM-30-COPD,Rate of readmission for chronic obstructive pulmonary disease (COPD) patients,Not Available,115,13.67,10.0,18.0,20,07/01/2015,06/30/2018
39001F,JAMES E. VAN ZANDT VA MEDICAL CENTER (ALTOONA),2907 PLEASANT VALLEY BOULEVARD,ALTOONA,PA,16602,BLAIR,MORT-30-COPD,Death rate for chronic obstructive pulmonary disease (COPD) patients,Not Available,64,4.54,2.6,7.7,20,07/01/2015,06/30/2018
39001F,JAMES E. VAN ZANDT VA MEDICAL CENTER (ALTOONA),2907 PLEASANT VALLEY BOULEVARD,ALTOONA,PA,16602,BLAIR,READM-30-COPD,Rate of readmission for chronic obstructive pulmonary disease (COPD) patients,Not Available,67,12.24,8.8,17.2,20,07/01/2015,06/30/2018
39004F,COATESVILLE VA MEDICAL CENTER,1400 BLACK HORSE HILL ROAD,COATESVILLE,PA,19320,CHESTER,MORT-30-COPD,Death rate for chronic obstructive pulmonary disease (COPD) patients,Not Available,Not Available,Not Available,Not Available,Not Available,"5, 20",07/01/2015,06/30/2018
39004F,COATESVILLE VA MEDICAL CENTER,1400 BLACK HORSE HILL ROAD,COATESVILLE,PA,19320,CHESTER,READM-30-COPD,Rate of readmission for chronic obstructive pulmonary disease (COPD) patients,Not Available,Not Available,Not Available,Not Available,Not Available,"5, 20",07/01/2015,06/30/2018
39005F,ERIE VA MEDICAL CENTER,135 EAST 38TH STREET,ERIE,PA,16504,ERIE,MORT-30-COPD,Death rate for chronic obstructive pulmonary disease (COPD) patients,Not Available,69,4.75,2.9,8.3,20,07/01/2015,06/30/2018
39005F,ERIE VA MEDICAL CENTER,135 EAST 38TH STREET,ERIE,PA,16504,ERIE,READM-30-COPD,Rate of readmission for chronic obstructive pulmonary disease (COPD) patients,Not Available,76,12.8,9.3,17.1,20,07/01/2015,06/30/2018
39006F,LEBANON VA MEDICAL CENTER,1700 SOUTH LINCOLN AVENUE,LEBANON,PA,17042,LEBANON,MORT-30-COPD,Death rate for chronic obstructive pulmonary disease (COPD) patients,Not Available,155,10.5,6.8,15.9,20,07/01/2015,06/30/2018
39006F,LEBANON VA MEDICAL CENTER,1700 SOUTH LINCOLN AVENUE,LEBANON,PA,17042,LEBANON,READM-30-COPD,Rate of readmission for chronic obstructive pulmonary disease (COPD) patients,Not Available,162,17.9,14.1,23.2,20,07/01/2015,06/30/2018
39009F,PHILADELPHIA VA MEDICAL CENTER,3900 WOODLAND AVENUE,PHILADELPHIA,PA,19104,PHILADELPHIA,MORT-30-COPD,Death rate for chronic obstructive pulmonary disease (COPD) patients,Not Available,249,4.88,3.2,7.3,20,07/01/2015,06/30/2018
39009F,PHILADELPHIA VA MEDICAL CENTER,3900 WOODLAND AVENUE,PHILADELPHIA,PA,19104,PHILADELPHIA,READM-30-COPD,Rate of readmission for chronic obstructive pulmonary disease (COPD) patients,Not Available,271,13.54,10.5,17.4,20,07/01/2015,06/30/2018
39012F,VA PITTSBURGH HEALTHCARE SYSTEM - UNIV DR,UNIVERSITY DRIVE,PITTSBURGH,PA,15240,ALLEGHENY,MORT-30-COPD,Death rate for chronic obstructive pulmonary disease (COPD) patients,Not Available,423,4.16,3.0,5.9,20,07/01/2015,06/30/2018
39012F,VA PITTSBURGH HEALTHCARE SYSTEM - UNIV DR,UNIVERSITY DRIVE,PITTSBURGH,PA,15240,ALLEGHENY,READM-30-COPD,Rate of readmission for chronic obstructive pulmonary disease (COPD) patients,Not Available,501,15.49,13.0,18.6,20,07/01/2015,06/30/2018
39013F,WILKES BARRE VA MEDICAL CENTER,1111 EAST END BOULEVARD,WILKES-BARRE,PA,18711,LUZERNE,MORT-30-COPD,Death rate for chronic obstructive pulmonary disease (COPD) patients,Not Available,236,4.01,2.6,6.0,20,07/01/2015,06/30/2018
39013F,WILKES BARRE VA MEDICAL CENTER,1111 EAST END BOULEVARD,WILKES-BARRE,PA,18711,LUZERNE,READM-30-COPD,Rate of readmission for chronic obstructive pulmonary disease (COPD) patients,Not Available,267,16.65,13.4,20.4,20,07/01/2015,06/30/2018
40003F,SAN JUAN VA MEDICAL CENTER,10 CALLE CASIA,SAN JUAN,PR,00921,SAN JUAN,MORT-30-COPD,Death rate for chronic obstructive pulmonary disease (COPD) patients,Not Available,499,4,3.0,5.5,20,07/01/2015,06/30/2018
40003F,SAN JUAN VA MEDICAL CENTER,10 CALLE CASIA,SAN JUAN,PR,00921,SAN JUAN,READM-30-COPD,Rate of readmission for chronic obstructive pulmonary disease (COPD) patients,Not Available,575,16.17,13.8,18.9,20,07/01/2015,06/30/2018
41005F,PROVIDENCE VA MEDICAL CENTER,830 CHALKSTONE AVENUE,PROVIDENCE,RI,02908,PROVIDENCE,MORT-30-COPD,Death rate for chronic obstructive pulmonary disease (COPD) patients,Not Available,271,4.78,3.3,6.7,20,07/01/2015,06/30/2018
41005F,PROVIDENCE VA MEDICAL CENTER,830 CHALKSTONE AVENUE,PROVIDENCE,RI,02908,PROVIDENCE,READM-30-COPD,Rate of readmission for chronic obstructive pulmonary disease (COPD) patients,Not Available,310,15.43,12.7,19.0,20,07/01/2015,06/30/2018
42011F,COLUMBIA SC VA MEDICAL CENTER,6439 GARNERS FERRY ROAD,COLUMBIA,SC,29209,RICHLAND,MORT-30-COPD,Death rate for chronic obstructive pulmonary disease (COPD) patients,Not Available,196,6.52,4.5,9.5,20,07/01/2015,06/30/2018
42011F,COLUMBIA SC VA MEDICAL CENTER,6439 GARNERS FERRY ROAD,COLUMBIA,SC,29209,RICHLAND,READM-30-COPD,Rate of readmission for chronic obstructive pulmonary disease (COPD) patients,Not Available,237,13.35,10.5,16.9,20,07/01/2015,06/30/2018
42029F,CHARLESTON VA MEDICAL CENTER,109 BEE STREET,CHARLESTON,SC,29401,CHARLESTON,MORT-30-COPD,Death rate for chronic obstructive pulmonary disease (COPD) patients,Not Available,124,5.9,3.6,8.9,20,07/01/2015,06/30/2018
42029F,CHARLESTON VA MEDICAL CENTER,109 BEE STREET,CHARLESTON,SC,29401,CHARLESTON,READM-30-COPD,Rate of readmission for chronic obstructive pulmonary disease (COPD) patients,Not Available,130,12.8,9.7,16.6,20,07/01/2015,06/30/2018
43002F,VA BLACK HILLS HEALTHCARE SYSTEM - FORT MEADE,113 COMANCHE ROAD,FORT MEADE,SD,57741,MEADE,MORT-30-COPD,Death rate for chronic obstructive pulmonary disease (COPD) patients,Not Available,74,7.22,4.3,11.4,20,07/01/2015,06/30/2018
43002F,VA BLACK HILLS HEALTHCARE SYSTEM - FORT MEADE,113 COMANCHE ROAD,FORT MEADE,SD,57741,MEADE,READM-30-COPD,Rate of readmission for chronic obstructive pulmonary disease (COPD) patients,Not Available,76,13.39,10.0,18.2,20,07/01/2015,06/30/2018
43003F,VA BLACK HILLS HEALTHCARE SYSTEM - HOT SPRINGS,500 NORTH 5TH STREET,HOT SPRINGS,SD,57747,FALL RIVER,MORT-30-COPD,Death rate for chronic obstructive pulmonary disease (COPD) patients,Not Available,Not Available,Not Available,Not Available,Not Available,"1, 20",07/01/2015,06/30/2018
43003F,VA BLACK HILLS HEALTHCARE SYSTEM - HOT SPRINGS,500 NORTH 5TH STREET,HOT SPRINGS,SD,57747,FALL RIVER,READM-30-COPD,Rate of readmission for chronic obstructive pulmonary disease (COPD) patients,Not Available,Not Available,Not Available,Not Available,Not Available,"1, 20",07/01/2015,06/30/2018
43005F,SIOUX FALLS VA MEDICAL CENTER,2501 WEST 22ND STREET,SIOUX FALLS,SD,57117,MINNEHAHA,MORT-30-COPD,Death rate for chronic obstructive pulmonary disease (COPD) patients,Not Available,122,6.29,4.0,9.9,20,07/01/2015,06/30/2018
43005F,SIOUX FALLS VA MEDICAL CENTER,2501 WEST 22ND STREET,SIOUX FALLS,SD,57117,MINNEHAHA,READM-30-COPD,Rate of readmission for chronic obstructive pulmonary disease (COPD) patients,Not Available,126,13.61,10.1,17.5,20,07/01/2015,06/30/2018
44013F,MEMPHIS VA MEDICAL CENTER,1030 JEFFERSON AVENUE,MEMPHIS,TN,38104,SHELBY,MORT-30-COPD,Death rate for chronic obstructive pulmonary disease (COPD) patients,Not Available,209,4.54,3.0,7.1,20,07/01/2015,06/30/2018
44013F,MEMPHIS VA MEDICAL CENTER,1030 JEFFERSON AVENUE,MEMPHIS,TN,38104,SHELBY,READM-30-COPD,Rate of readmission for chronic obstructive pulmonary disease (COPD) patients,Not Available,232,16.52,13.2,20.7,20,07/01/2015,06/30/2018
44016F,MOUNTAIN HOME VA MEDICAL CENTER,CORNER OF LAMONT STREET AND VETERANS WAY,MOUNTAIN HOME,TN,37684,WASHINGTON,MORT-30-COPD,Death rate for chronic obstructive pulmonary disease (COPD) patients,Not Available,441,6.63,4.6,8.9,20,07/01/2015,06/30/2018
44016F,MOUNTAIN HOME VA MEDICAL CENTER,CORNER OF LAMONT STREET AND VETERANS WAY,MOUNTAIN HOME,TN,37684,WASHINGTON,READM-30-COPD,Rate of readmission for chronic obstructive pulmonary disease (COPD) patients,Not Available,499,15.52,12.9,18.5,20,07/01/2015,06/30/2018
44017F,VA MIDDLE TENNESSEE HEALTHCARE SYSTEM - MURFREESBORO,3400 LEBANON PIKE,MURFREESBORO,TN,37129,RUTHERFORD,MORT-30-COPD,Death rate for chronic obstructive pulmonary disease (COPD) patients,Not Available,179,4.95,3.2,7.8,20,07/01/2015,06/30/2018
44017F,VA MIDDLE TENNESSEE HEALTHCARE SYSTEM - MURFREESBORO,3400 LEBANON PIKE,MURFREESBORO,TN,37129,RUTHERFORD,READM-30-COPD,Rate of readmission for chronic obstructive pulmonary disease (COPD) patients,Not Available,189,12.89,10.0,16.4,20,07/01/2015,06/30/2018
44018F,VA MIDDLE TENNESSEE HEALTHCARE SYSTEM,1310 24TH AVENUE SOUTH,NASHVILLE,TN,37212,DAVIDSON,MORT-30-COPD,Death rate for chronic obstructive pulmonary disease (COPD) patients,Not Available,283,6.91,4.7,9.9,20,07/01/2015,06/30/2018
44018F,VA MIDDLE TENNESSEE HEALTHCARE SYSTEM,1310 24TH AVENUE SOUTH,NASHVILLE,TN,37212,DAVIDSON,READM-30-COPD,Rate of readmission for chronic obstructive pulmonary disease (COPD) patients,Not Available,295,15.03,12.1,18.7,20,07/01/2015,06/30/2018
45060F,VA AMARILLO HEALTHCARE SYSTEM,6010 AMARILLO BLVD. WEST,AMARILLO,TX,79106,POTTER,MORT-30-COPD,Death rate for chronic obstructive pulmonary disease (COPD) patients,Not Available,138,7.65,5.2,11.6,20,07/01/2015,06/30/2018
45060F,VA AMARILLO HEALTHCARE SYSTEM,6010 AMARILLO BLVD. WEST,AMARILLO,TX,79106,POTTER,READM-30-COPD,Rate of readmission for chronic obstructive pulmonary disease (COPD) patients,Not Available,138,13.36,10.0,16.9,20,07/01/2015,06/30/2018
45066F,DALLAS VA MEDICAL CENTER (VA NORTH TEXAS HEALTHCARE SYSTEM),4500 S. LANCASTER ROAD,DALLAS,TX,75216,DALLAS,MORT-30-COPD,Death rate for chronic obstructive pulmonary disease (COPD) patients,Not Available,475,5.9,4.4,8.2,20,07/01/2015,06/30/2018
45066F,DALLAS VA MEDICAL CENTER (VA NORTH TEXAS HEALTHCARE SYSTEM),4500 S. LANCASTER ROAD,DALLAS,TX,75216,DALLAS,READM-30-COPD,Rate of readmission for chronic obstructive pulmonary disease (COPD) patients,Not Available,534,15.38,13.0,18.3,20,07/01/2015,06/30/2018
45074F,HOUSTON VA MEDICAL CENTER,2002 HOLCOMBE BLVD.,HOUSTON,TX,77030,HARRIS,MORT-30-COPD,Death rate for chronic obstructive pulmonary disease (COPD) patients,Not Available,548,6.41,4.8,8.2,20,07/01/2015,06/30/2018
45074F,HOUSTON VA MEDICAL CENTER,2002 HOLCOMBE BLVD.,HOUSTON,TX,77030,HARRIS,READM-30-COPD,Rate of readmission for chronic obstructive pulmonary disease (COPD) patients,Not Available,575,15.68,13.3,18.8,20,07/01/2015,06/30/2018
45086F,TEMPLE VA MEDICAL CENTER (VA CENTRAL TEXAS HEALTHCARE SYSTEM),1901 VETERANS MEMORIAL DRIVE,TEMPLE,TX,76504,BELL,MORT-30-COPD,Death rate for chronic obstructive pulmonary disease (COPD) patients,Not Available,409,5.42,4.0,7.4,20,07/01/2015,06/30/2018
45086F,TEMPLE VA MEDICAL CENTER (VA CENTRAL TEXAS HEALTHCARE SYSTEM),1901 VETERANS MEMORIAL DRIVE,TEMPLE,TX,76504,BELL,READM-30-COPD,Rate of readmission for chronic obstructive pulmonary disease (COPD) patients,Not Available,460,16.35,13.7,19.5,20,07/01/2015,06/30/2018
45090F,SAN ANTONIO VA MEDICAL CENTER (VA SOUTH TEXAS HEALTHCARE SYSTEM),7400 MERTON MINTER BLVD.,SAN ANTONIO,TX,78229,BEXAR,MORT-30-COPD,Death rate for chronic obstructive pulmonary disease (COPD) patients,Not Available,280,5.13,3.6,7.4,20,07/01/2015,06/30/2018
45090F,SAN ANTONIO VA MEDICAL CENTER (VA SOUTH TEXAS HEALTHCARE SYSTEM),7400 MERTON MINTER BLVD.,SAN ANTONIO,TX,78229,BEXAR,READM-30-COPD,Rate of readmission for chronic obstructive pulmonary disease (COPD) patients,Not Available,310,15.93,13.0,19.3,20,07/01/2015,06/30/2018
46002F,VA SALT LAKE CITY HEALTHCARE - GEORGE E. WAHLEN VA MEDICAL CENTER,500 FOOTHILL BLVD.,SALT LAKE CITY,UT,84148,SALT LAKE,MORT-30-COPD,Death rate for chronic obstructive pulmonary disease (COPD) patients,Not Available,163,5.34,3.4,8.3,20,07/01/2015,06/30/2018
46002F,VA SALT LAKE CITY HEALTHCARE - GEORGE E. WAHLEN VA MEDICAL CENTER,500 FOOTHILL BLVD.,SALT LAKE CITY,UT,84148,SALT LAKE,READM-30-COPD,Rate of readmission for chronic obstructive pulmonary disease (COPD) patients,Not Available,178,12.47,9.7,16.3,20,07/01/2015,06/30/2018
47001F,WHITE RIVER JCT VA MEDICAL CENTER,163 VETERANS DRIVE,WHITE RIVER JUNCTION,VT,05009,WINDSOR,MORT-30-COPD,Death rate for chronic obstructive pulmonary disease (COPD) patients,Not Available,105,7.07,4.5,10.5,20,07/01/2015,06/30/2018
47001F,WHITE RIVER JCT VA MEDICAL CENTER,163 VETERANS DRIVE,WHITE RIVER JUNCTION,VT,05009,WINDSOR,READM-30-COPD,Rate of readmission for chronic obstructive pulmonary disease (COPD) patients,Not Available,105,15.11,11.5,19.8,20,07/01/2015,06/30/2018
49006F,HAMPTON VA MEDICAL CENTER,100 EMANCIPATION DRIVE,HAMPTON,VA,23667,HAMPTON CITY,MORT-30-COPD,Death rate for chronic obstructive pulmonary disease (COPD) patients,Not Available,105,7.11,4.7,11.5,20,07/01/2015,06/30/2018
49006F,HAMPTON VA MEDICAL CENTER,100 EMANCIPATION DRIVE,HAMPTON,VA,23667,HAMPTON CITY,READM-30-COPD,Rate of readmission for chronic obstructive pulmonary disease (COPD) patients,Not Available,100,12.1,8.7,15.9,20,07/01/2015,06/30/2018
49010F,RICHMOND VA MEDICAL CENTER,1201 BROAD ROCK BOULEVARD,RICHMOND,VA,23249,RICHMOND CITY,MORT-30-COPD,Death rate for chronic obstructive pulmonary disease (COPD) patients,Not Available,242,5.87,4.1,8.6,20,07/01/2015,06/30/2018
49010F,RICHMOND VA MEDICAL CENTER,1201 BROAD ROCK BOULEVARD,RICHMOND,VA,23249,RICHMOND CITY,READM-30-COPD,Rate of readmission for chronic obstructive pulmonary disease (COPD) patients,Not Available,267,16.47,13.1,20.0,20,07/01/2015,06/30/2018
49011F,SALEM VA MEDICAL CENTER,1970 ROANOKE BOULEVARD,SALEM,VA,24153,SALEM CITY,MORT-30-COPD,Death rate for chronic obstructive pulmonary disease (COPD) patients,Not Available,227,5.67,3.8,8.5,20,07/01/2015,06/30/2018
49011F,SALEM VA MEDICAL CENTER,1970 ROANOKE BOULEVARD,SALEM,VA,24153,SALEM CITY,READM-30-COPD,Rate of readmission for chronic obstructive pulmonary disease (COPD) patients,Not Available,238,16.64,13.3,20.7,20,07/01/2015,06/30/2018
50011F,SPOKANE VA MEDICAL CENTER,4815 N. ASSEMBLY STREET,SPOKANE,WA,99205,SPOKANE,MORT-30-COPD,Death rate for chronic obstructive pulmonary disease (COPD) patients,Not Available,144,7.68,5.1,11.8,20,07/01/2015,06/30/2018
50011F,SPOKANE VA MEDICAL CENTER,4815 N. ASSEMBLY STREET,SPOKANE,WA,99205,SPOKANE,READM-30-COPD,Rate of readmission for chronic obstructive pulmonary disease (COPD) patients,Not Available,144,13.67,10.3,18.1,20,07/01/2015,06/30/2018
50030F,SEATTLE VA MEDICAL CENTER (VA PUGET SOUND HEALTHCARE SYSTEM),1660 S. COLUMBIAN WAY,SEATTLE,WA,98108,KING,MORT-30-COPD,Death rate for chronic obstructive pulmonary disease (COPD) patients,Not Available,249,6.35,4.3,9.0,20,07/01/2015,06/30/2018
50030F,SEATTLE VA MEDICAL CENTER (VA PUGET SOUND HEALTHCARE SYSTEM),1660 S. COLUMBIAN WAY,SEATTLE,WA,98108,KING,READM-30-COPD,Rate of readmission for chronic obstructive pulmonary disease (COPD) patients,Not Available,265,18.63,15.2,23.4,20,07/01/2015,06/30/2018
51002F,BECKLEY VA MEDICAL CENTER,200 VETERANS AVENUE,BECKLEY,WV,25801,RALEIGH,MORT-30-COPD,Death rate for chronic obstructive pulmonary disease (COPD) patients,Not Available,270,5.7,3.9,8.3,20,07/01/2015,06/30/2018
51002F,BECKLEY VA MEDICAL CENTER,200 VETERANS AVENUE,BECKLEY,WV,25801,RALEIGH,READM-30-COPD,Rate of readmission for chronic obstructive pulmonary disease (COPD) patients,Not Available,302,20.22,16.3,24.7,20,07/01/2015,06/30/2018
51003F,CLARKSBURG VA MEDICAL CENTER,1 MEDICAL CENTER DRIVE,CLARKSBURG,WV,26301,HARRISON,MORT-30-COPD,Death rate for chronic obstructive pulmonary disease (COPD) patients,Not Available,236,5.79,3.8,8.7,20,07/01/2015,06/30/2018
51003F,CLARKSBURG VA MEDICAL CENTER,1 MEDICAL CENTER DRIVE,CLARKSBURG,WV,26301,HARRISON,READM-30-COPD,Rate of readmission for chronic obstructive pulmonary disease (COPD) patients,Not Available,297,15.3,12.1,19.1,20,07/01/2015,06/30/2018
51004F,HUNTINGTON VA MEDICAL CENTER,1540 SPRING VALLEY ROAD,HUNTINGTON,WV,25704,WAYNE,MORT-30-COPD,Death rate for chronic obstructive pulmonary disease (COPD) patients,Not Available,377,7.61,5.6,10.5,20,07/01/2015,06/30/2018
51004F,HUNTINGTON VA MEDICAL CENTER,1540 SPRING VALLEY ROAD,HUNTINGTON,WV,25704,WAYNE,READM-30-COPD,Rate of readmission for chronic obstructive pulmonary disease (COPD) patients,Not Available,428,16.29,13.6,19.2,20,07/01/2015,06/30/2018
51005F,MARTINSBURG VA MEDICAL CENTER,510 BUTLER AVE.,MARTINSBURG,WV,25405,BERKELEY,MORT-30-COPD,Death rate for chronic obstructive pulmonary disease (COPD) patients,Not Available,217,5.02,3.2,7.6,20,07/01/2015,06/30/2018
51005F,MARTINSBURG VA MEDICAL CENTER,510 BUTLER AVE.,MARTINSBURG,WV,25405,BERKELEY,READM-30-COPD,Rate of readmission for chronic obstructive pulmonary disease (COPD) patients,Not Available,263,16.47,13.0,20.2,20,07/01/2015,06/30/2018
52002F,TOMAH VA MEDICAL CENTER,500 EAST VETERANS STREET,TOMAH,WI,54660,MONROE,MORT-30-COPD,Death rate for chronic obstructive pulmonary disease (COPD) patients,Not Available,53,8.09,5.1,13.2,20,07/01/2015,06/30/2018
52002F,TOMAH VA MEDICAL CENTER,500 EAST VETERANS STREET,TOMAH,WI,54660,MONROE,READM-30-COPD,Rate of readmission for chronic obstructive pulmonary disease (COPD) patients,Not Available,62,14.8,11.0,20.0,20,07/01/2015,06/30/2018
52003F,MILWAUKEE VA MEDICAL CENTER,5000 W. NATIONAL AVENUE,MILWAUKEE,WI,53295,MILWAUKEE,MORT-30-COPD,Death rate for chronic obstructive pulmonary disease (COPD) patients,Not Available,369,4.5,3.2,6.5,20,07/01/2015,06/30/2018
52003F,MILWAUKEE VA MEDICAL CENTER,5000 W. NATIONAL AVENUE,MILWAUKEE,WI,53295,MILWAUKEE,READM-30-COPD,Rate of readmission for chronic obstructive pulmonary disease (COPD) patients,Not Available,416,16.17,13.4,19.7,20,07/01/2015,06/30/2018
52004F,MADISON VA MEDICAL CENTER,2500 OVERLOOK TERRACE,MADISON,WI,53705,DANE,MORT-30-COPD,Death rate for chronic obstructive pulmonary disease (COPD) patients,Not Available,235,5.16,3.6,7.4,20,07/01/2015,06/30/2018
52004F,MADISON VA MEDICAL CENTER,2500 OVERLOOK TERRACE,MADISON,WI,53705,DANE,READM-30-COPD,Rate of readmission for chronic obstructive pulmonary disease (COPD) patients,Not Available,263,17.02,13.6,21.2,20,07/01/2015,06/30/2018
53004F,CHEYENNE VA MEDICAL CENTER,2360 E. PERSHING BLVD.,CHEYENNE,WY,82001,LARAMIE,MORT-30-COPD,Death rate for chronic obstructive pulmonary disease (COPD) patients,Not Available,97,5.57,3.5,8.7,20,07/01/2015,06/30/2018
53004F,CHEYENNE VA MEDICAL CENTER,2360 E. PERSHING BLVD.,CHEYENNE,WY,82001,LARAMIE,READM-30-COPD,Rate of readmission for chronic obstructive pulmonary disease (COPD) patients,Not Available,116,15.41,11.8,20.0,20,07/01/2015,06/30/2018
53005F,SHERIDAN VA MEDICAL CENTER,1898 FORT ROAD,SHERIDAN,WY,82801,SHERIDAN,MORT-30-COPD,Death rate for chronic obstructive pulmonary disease (COPD) patients,Not Available,Not Available,Not Available,Not Available,Not Available,"1, 20",07/01/2015,06/30/2018
53005F,SHERIDAN VA MEDICAL CENTER,1898 FORT ROAD,SHERIDAN,WY,82801,SHERIDAN,READM-30-COPD,Rate of readmission for chronic obstructive pulmonary disease (COPD) patients,Not Available,28,14.27,10.4,19.8,20,07/01/2015,06/30/2018
